datetime,open,high,low,close,volume
2026-07-07T19:00:00+00:00,7498.3,7500.32,7482.81,7490.05,23467
2026-07-07T19:30:00+00:00,7490.05,7502.82,7487.05,7499.07,22657
2026-07-07T20:00:00+00:00,7499.07,7500.27,7492.26,7496.52,7290
2026-07-07T20:30:00+00:00,7496.52,7499.02,7496,7497.87,1305
2026-07-07T22:00:00+00:00,7497.87,7497.87,7484.23,7493.24,4874
2026-07-07T22:30:00+00:00,7493.24,7495.75,7491,7494.23,1642
2026-07-07T23:00:00+00:00,7494.23,7500,7491.48,7498.49,2417
2026-07-07T23:30:00+00:00,7498.49,7499.75,7484.73,7485.86,4368
2026-07-08T00:00:00+00:00,7485.86,7502.85,7480.24,7499.49,16561
2026-07-08T00:30:00+00:00,7499.49,7508.75,7494.98,7508.35,9723
2026-07-08T01:00:00+00:00,7508.35,7510,7502.48,7503.5,7878
2026-07-08T01:30:00+00:00,7503.5,7505,7497.5,7499.86,9062
2026-07-08T02:00:00+00:00,7499.86,7500.75,7493.48,7495.62,7838
2026-07-08T02:30:00+00:00,7495.62,7501.99,7493.23,7499.98,5528
2026-07-08T03:00:00+00:00,7499.98,7507.24,7499.98,7506.73,3822
2026-07-08T03:30:00+00:00,7506.73,7508.25,7500.73,7501.23,4231
2026-07-08T04:00:00+00:00,7501.23,7503,7497.73,7500.73,4158
2026-07-08T04:30:00+00:00,7500.73,7501.25,7493.98,7498.25,5649
2026-07-08T05:00:00+00:00,7498.25,7501.75,7494.1,7495,5913
2026-07-08T05:30:00+00:00,7495,7495,7485.62,7490.49,5726
2026-07-08T06:00:00+00:00,7490.49,7491.74,7485.74,7486.98,5323
2026-07-08T06:30:00+00:00,7486.98,7488.5,7479.49,7486.11,4775
2026-07-08T07:00:00+00:00,7486.11,7488.75,7478.98,7488.23,10118
2026-07-08T07:30:00+00:00,7488.23,7494.75,7486.98,7488.36,6201
2026-07-08T08:00:00+00:00,7488.36,7493.75,7443.48,7444.11,31394
2026-07-08T08:30:00+00:00,7444.11,7445.75,7424.25,7427.5,30365
2026-07-08T09:00:00+00:00,7427.5,7430.25,7415.25,7421.62,17092
2026-07-08T09:30:00+00:00,7421.62,7430.74,7419.98,7421.48,11375
2026-07-08T10:00:00+00:00,7421.48,7428.25,7415.74,7427.73,10820
2026-07-08T10:30:00+00:00,7427.73,7437.1,7423.98,7432.61,8526
2026-07-08T11:00:00+00:00,7432.61,7435.75,7426.48,7429.73,7961
2026-07-08T11:30:00+00:00,7429.73,7453.24,7427.48,7445.48,15325
2026-07-08T12:00:00+00:00,7445.48,7459.75,7439.48,7458.98,10262
2026-07-08T12:30:00+00:00,7458.98,7465.73,7451.49,7452.1,10017
2026-07-08T13:00:00+00:00,7452.1,7462.5,7450.6,7453.62,13365
2026-07-08T13:30:00+00:00,7453.62,7471.8,7448.76,7462.79,60368
2026-07-08T14:00:00+00:00,7462.79,7469.54,7448.78,7453.03,48262
2026-07-08T14:30:00+00:00,7453.03,7458.9,7431.03,7440.29,44270
2026-07-08T15:00:00+00:00,7440.29,7442.15,7417.03,7421.04,30906
2026-07-08T15:30:00+00:00,7421.04,7434.55,7416.3,7427.78,26698
2026-07-08T16:00:00+00:00,7427.78,7456.8,7427.53,7453.05,22628
2026-07-08T16:30:00+00:00,7453.05,7469.55,7446.53,7468.79,23833
2026-07-08T17:00:00+00:00,7468.79,7479.8,7461.5,7479.55,14705
2026-07-08T17:30:00+00:00,7479.55,7483.54,7461.53,7466.3,11397
2026-07-08T18:00:00+00:00,7466.3,7476.8,7462.28,7468.55,14377
2026-07-08T18:30:00+00:00,7468.55,7477.28,7464.53,7475.3,11490
2026-07-08T19:00:00+00:00,7475.3,7479.28,7468.78,7473.78,10514
2026-07-08T19:30:00+00:00,7473.78,7483.3,7465.29,7473.55,16425
2026-07-08T20:00:00+00:00,7473.55,7476.24,7463.24,7464.74,6119
2026-07-08T20:30:00+00:00,7464.74,7465.74,7455,7462.59,3470
2026-07-08T22:00:00+00:00,7462.59,7470.73,7462.59,7466.87,3168
2026-07-08T22:30:00+00:00,7466.87,7470.74,7464.1,7466.6,2008
2026-07-08T23:00:00+00:00,7466.6,7470.420000000001,7463.910000000001,7467.800000000001,1949.2318166345171
2026-07-08T23:30:00+00:00,7467.800000000001,7475.930000000001,7465.160000000001,7474.660000000001,4791
2026-07-09T00:00:00+00:00,7474.660000000001,7481.680000000001,7473.160000000001,7480.930000000001,9918
2026-07-09T00:30:00+00:00,7480.930000000001,7484.430000000001,7476.160000000001,7479.680000000001,7689
2026-07-09T01:00:00+00:00,7479.680000000001,7484.930000000001,7475.410000000001,7481.280000000002,7124
2026-07-09T01:30:00+00:00,7481.280000000002,7485.430000000001,7476.200000000002,7477.530000000002,7294
2026-07-09T02:00:00+00:00,7477.530000000002,7490.920000000001,7474.660000000001,7486.910000000001,8542
2026-07-09T02:30:00+00:00,7486.910000000001,7488.430000000001,7474.410000000001,7476.180000000001,6917
2026-07-09T03:00:00+00:00,7476.180000000001,7482.670000000001,7472.410000000001,7482.670000000001,7085
2026-07-09T03:30:00+00:00,7482.670000000001,7487.550000000001,7481.910000000001,7486.550000000001,5956
2026-07-09T04:00:00+00:00,7486.550000000001,7488.180000000001,7482.660000000001,7483.800000000001,3876
2026-07-09T04:30:00+00:00,7483.800000000001,7494.660000000001,7483.800000000001,7493.410000000001,4429
2026-07-09T05:00:00+00:00,7493.410000000001,7501.550000000001,7488.170000000001,7488.930000000001,7381
2026-07-09T05:30:00+00:00,7488.930000000001,7500.180000000001,7483.410000000001,7499.910000000001,6021
2026-07-09T06:00:00+00:00,7499.910000000001,7501.160000000001,7494.430000000001,7499.160000000001,5328
2026-07-09T06:30:00+00:00,7499.160000000001,7499.930000000001,7495.660000000001,7497.180000000001,3836
2026-07-09T07:00:00+00:00,7497.180000000001,7501.680000000001,7495.660000000001,7499.180000000001,6055
2026-07-09T07:30:00+00:00,7499.180000000001,7505.180000000001,7496.910000000001,7500.930000000001,3950
2026-07-09T08:00:00+00:00,7500.930000000001,7505.430000000001,7497.660000000001,7500.800000000001,6174
2026-07-09T08:30:00+00:00,7500.800000000001,7501.430000000001,7489.420000000001,7493.170000000001,5587
2026-07-09T09:00:00+00:00,7493.170000000001,7494.170000000001,7487.920000000001,7489.930000000001,4529
2026-07-09T09:30:00+00:00,7489.930000000001,7490.930000000001,7481.170000000001,7489.410000000001,5312
2026-07-09T10:00:00+00:00,7489.410000000001,7491.550000000001,7486.420000000001,7487.930000000001,3594
2026-07-09T10:30:00+00:00,7487.930000000001,7488.930000000001,7474.280000000002,7481.920000000001,6839
2026-07-09T11:00:00+00:00,7481.920000000001,7487.430000000001,7478.670000000001,7485.920000000001,6843
2026-07-09T11:30:00+00:00,7485.920000000001,7493.930000000001,7483.660000000001,7490.910000000001,6406
2026-07-09T12:00:00+00:00,7490.910000000001,7498.180000000001,7489.670000000001,7498.040000000001,7527
2026-07-09T12:30:00+00:00,7498.040000000001,7501.920000000001,7490.930000000001,7492.170000000001,6833
2026-07-09T13:00:00+00:00,7492.170000000001,7497.930000000001,7491.660000000001,7494.160000000001,5377
2026-07-09T13:30:00+00:00,7494.160000000001,7513.970000000001,7477.960000000001,7508.580000000001,30659
2026-07-09T14:00:00+00:00,7508.580000000001,7511.980000000001,7477.210000000001,7500.330000000001,36713
2026-07-09T14:30:00+00:00,7500.330000000001,7511.230000000001,7492.460000000001,7509.470000000001,28391
2026-07-09T15:00:00+00:00,7509.470000000001,7522.480000000001,7508.210000000001,7520.480000000001,13103
2026-07-09T15:30:00+00:00,7520.480000000001,7525.480000000001,7517.460000000001,7521.480000000001,7245
2026-07-09T16:00:00+00:00,7521.480000000001,7531.230000000001,7521.480000000001,7529.210000000001,4464
2026-07-09T16:30:00+00:00,7529.210000000001,7531.730000000001,7525.210000000001,7527.210000000001,4056
2026-07-09T17:00:00+00:00,7527.210000000001,7540.980000000001,7526.960000000001,7540.710000000001,4282
2026-07-09T17:30:00+00:00,7540.710000000001,7542.730000000001,7535.720000000001,7538.960000000001,3038
2026-07-09T18:00:00+00:00,7538.960000000001,7541.480000000001,7534.720000000001,7536.980000000001,3682
2026-07-09T18:30:00+00:00,7536.980000000001,7538.230000000001,7530.730000000001,7532.710000000001,3353
2026-07-09T19:00:00+00:00,7532.710000000001,7535.980000000001,7528.710000000001,7532.730000000001,4287
2026-07-09T19:30:00+00:00,7532.730000000001,7538.480000000001,7530.210000000001,7538.230000000001,6933
2026-07-09T20:00:00+00:00,7538.230000000001,7539.430000000001,7533.410000000001,7534.410000000001,2393
2026-07-09T20:30:00+00:00,7534.410000000001,7537.430000000001,7532.160000000001,7533.770000000001,997
2026-07-09T22:00:00+00:00,7533.770000000001,7536.920000000001,7531.410000000001,7532.290000000001,2567
2026-07-09T22:30:00+00:00,7532.290000000001,7534.920000000001,7531.920000000001,7534.530000000002,1013
2026-07-09T23:00:00+00:00,7534.530000000002,7539.420000000001,7532.660000000001,7539.160000000001,1509
2026-07-09T23:30:00+00:00,7539.160000000001,7539.410000000001,7534.420000000001,7536.4000000000015,2583
2026-07-10T00:00:00+00:00,7536.4000000000015,7537.420000000001,7525.4000000000015,7527.420000000001,9401
2026-07-10T00:30:00+00:00,7527.420000000001,7528.420000000001,7522.430000000001,7528.420000000001,4431
2026-07-10T01:00:00+00:00,7528.420000000001,7529.170000000001,7523.660000000001,7527.1500000000015,4741
2026-07-10T01:30:00+00:00,7527.1500000000015,7531.420000000001,7525.4000000000015,7527.9000000000015,3504
2026-07-10T02:00:00+00:00,7527.9000000000015,7529.9000000000015,7524.6500000000015,7527.020000000001,4879
2026-07-10T02:30:00+00:00,7527.020000000001,7534.160000000001,7525.9000000000015,7533.910000000001,2568
2026-07-10T03:00:00+00:00,7533.910000000001,7536.280000000002,7531.1500000000015,7531.410000000001,1400
2026-07-10T03:30:00+00:00,7531.410000000001,7531.670000000001,7529.410000000001,7531.1500000000015,2688
2026-07-10T04:00:00+00:00,7531.1500000000015,7532.040000000001,7528.4000000000015,7529.040000000001,1962
2026-07-10T04:30:00+00:00,7529.040000000001,7529.410000000001,7524.920000000001,7525.410000000001,1872
2026-07-10T05:00:00+00:00,7525.410000000001,7527.420000000001,7524.1500000000015,7525.9000000000015,2422
2026-07-10T05:30:00+00:00,7525.9000000000015,7526.920000000001,7523.410000000001,7524.1500000000015,2110
2026-07-10T06:00:00+00:00,7524.1500000000015,7527.170000000001,7518.4000000000015,7519.4000000000015,3058
2026-07-10T06:30:00+00:00,7519.4000000000015,7524.6500000000015,7518.4000000000015,7521.670000000001,2566
2026-07-10T07:00:00+00:00,7521.670000000001,7527.420000000001,7519.6500000000015,7526.530000000002,3634
2026-07-10T07:30:00+00:00,7526.530000000002,7526.670000000001,7517.420000000001,7519.920000000001,3047
2026-07-10T08:00:00+00:00,7519.920000000001,7526.920000000001,7517.4000000000015,7523.160000000001,4270
2026-07-10T08:30:00+00:00,7523.160000000001,7524.920000000001,7520.6500000000015,7522.1500000000015,3285
2026-07-10T09:00:00+00:00,7522.1500000000015,7529.920000000001,7516.170000000001,7528.660000000001,3986
2026-07-10T09:30:00+00:00,7528.660000000001,7530.170000000001,7527.270000000001,7528.780000000002,1937
2026-07-10T10:00:00+00:00,7528.780000000002,7534.6500000000015,7528.670000000001,7533.910000000001,1925
2026-07-10T10:30:00+00:00,7533.910000000001,7538.420000000001,7533.910000000001,7538.1500000000015,1973
2026-07-10T11:00:00+00:00,7538.1500000000015,7540.040000000001,7534.4000000000015,7534.6500000000015,2518
2026-07-10T11:30:00+00:00,7534.6500000000015,7534.670000000001,7528.6500000000015,7531.1500000000015,3698
2026-07-10T12:00:00+00:00,7531.1500000000015,7543.170000000001,7524.910000000001,7535.4000000000015,9044
2026-07-10T12:30:00+00:00,7535.4000000000015,7540.170000000001,7532.160000000001,7535.910000000001,4735
2026-07-10T13:00:00+00:00,7535.910000000001,7541.920000000001,7534.520000000001,7539.920000000001,3503
2026-07-10T13:30:00+00:00,7539.920000000001,7552.220000000001,7537.950000000002,7549.470000000001,24047
2026-07-10T14:00:00+00:00,7549.470000000001,7553.710000000001,7540.950000000002,7545.710000000001,20558
2026-07-10T14:30:00+00:00,7545.710000000001,7550.700000000002,7504.580000000001,7531.970000000001,47849
2026-07-10T15:00:00+00:00,7531.970000000001,7554.710000000001,7526.450000000002,7552.970000000001,23832
2026-07-10T15:30:00+00:00,7552.970000000001,7554.220000000001,7533.700000000002,7548.220000000001,18940
2026-07-10T16:00:00+00:00,7548.220000000001,7556.970000000001,7547.960000000001,7551.970000000001,8859
2026-07-10T16:30:00+00:00,7551.970000000001,7561.720000000001,7549.430000000001,7560.450000000002,5859
2026-07-10T17:00:00+00:00,7560.450000000002,7560.970000000001,7555.200000000002,7560.700000000002,3806
2026-07-10T17:30:00+00:00,7560.700000000002,7564.720000000001,7559.450000000002,7560.360000000001,3437.797801410624
2026-07-10T18:00:00+00:00,7560.360000000001,7567.63,7559.860000000001,7565.13,4284
2026-07-10T18:30:00+00:00,7565.13,7567.88,7564.110000000001,7566.360000000001,2513
2026-07-10T19:00:00+00:00,7566.360000000001,7573.110000000001,7565.87,7570.63,3209
2026-07-10T19:30:00+00:00,7570.63,7574.88,7565.610000000001,7568.62,5925
2026-07-10T20:00:00+00:00,7568.62,7572.99,7565.81,7572.72,2094
2026-07-10T20:30:00+00:00,7572.72,7573.99,7571.97,7573.57,176
2026-07-12T22:00:00+00:00,7573.57,7573.57,7541,7545.6,8880
2026-07-12T22:30:00+00:00,7545.6,7551.24,7545.22,7550.22,1867
2026-07-12T23:00:00+00:00,7550.22,7550.47,7545.72,7547.22,1357
2026-07-12T23:30:00+00:00,7547.22,7548.97,7542.22,7548.49,3268
2026-07-13T00:00:00+00:00,7548.49,7564.74,7545.47,7557.22,11933
2026-07-13T00:30:00+00:00,7557.22,7557.74,7541.97,7546.48,10356
2026-07-13T01:00:00+00:00,7546.48,7548.73,7539.73,7543.98,9029
2026-07-13T01:30:00+00:00,7543.98,7548.23,7537.97,7541.49,8611
2026-07-13T02:00:00+00:00,7541.49,7543.74,7536.73,7542.22,7271
2026-07-13T02:30:00+00:00,7542.22,7542.49,7535.22,7535.48,4190
2026-07-13T03:00:00+00:00,7535.48,7536.11,7532.47,7535.22,3771
2026-07-13T03:30:00+00:00,7535.22,7536.24,7531.74,7532.47,4362
2026-07-13T04:00:00+00:00,7532.47,7532.74,7528.49,7529.97,3541
2026-07-13T04:30:00+00:00,7529.97,7530.74,7524.97,7526.72,1641
2026-07-13T05:00:00+00:00,7526.72,7533.48,7520.22,7520.86,5658
2026-07-13T05:30:00+00:00,7520.86,7528.24,7515.73,7527.47,7168
2026-07-13T06:00:00+00:00,7527.47,7532.99,7523.47,7532.84,5630
2026-07-13T06:30:00+00:00,7532.84,7533.99,7527.99,7533.49,3386
2026-07-13T07:00:00+00:00,7533.49,7540.49,7530.73,7535.99,5284
2026-07-13T07:30:00+00:00,7535.99,7538.49,7531.47,7537.22,3325
2026-07-13T08:00:00+00:00,7537.22,7547.99,7536.09,7545.1,6598
2026-07-13T08:30:00+00:00,7545.1,7548.74,7542.47,7547.85,2250
2026-07-13T09:00:00+00:00,7547.85,7552.48,7544.22,7551.98,1886
2026-07-13T09:30:00+00:00,7551.98,7553.24,7549.47,7550.99,1872
2026-07-13T10:00:00+00:00,7550.99,7551.74,7546.72,7547.23,1983
2026-07-13T10:30:00+00:00,7547.23,7549.24,7546.22,7547.23,1850
2026-07-13T11:00:00+00:00,7547.23,7553.73,7544.47,7548.99,3995
2026-07-13T11:30:00+00:00,7548.99,7551.49,7541.47,7543.49,3175
2026-07-13T12:00:00+00:00,7543.49,7547.73,7536.72,7538.99,6189
2026-07-13T12:30:00+00:00,7538.99,7546.59,7535.22,7546.23,3751
2026-07-13T13:00:00+00:00,7546.23,7548.99,7542.22,7544.72,3669
2026-07-13T13:30:00+00:00,7544.72,7559.04,7539.52,7556.79,41226
2026-07-13T14:00:00+00:00,7556.79,7559.79,7523,7551.28,45064
2026-07-13T14:30:00+00:00,7551.28,7553.27,7530.02,7547.79,24490
2026-07-13T15:00:00+00:00,7547.79,7551.04,7539.28,7544.28,14750
2026-07-13T15:30:00+00:00,7544.28,7545.79,7531.28,7532.77,11624
2026-07-13T16:00:00+00:00,7532.77,7538.54,7519.78,7523.28,11055
2026-07-13T16:30:00+00:00,7523.28,7527.29,7509.52,7519.54,19553
2026-07-13T17:00:00+00:00,7519.54,7527.29,7516.04,7519.02,10760
2026-07-13T17:30:00+00:00,7519.02,7523.54,7512.77,7513.02,10365
2026-07-13T18:00:00+00:00,7513.02,7523.14,7511.15,7513.04,10108
2026-07-13T18:30:00+00:00,7513.04,7521.54,7510.52,7516.52,8683
2026-07-13T19:00:00+00:00,7516.52,7520.54,7501.24,7504.29,9268
2026-07-13T19:30:00+00:00,7504.29,7517.53,7500.49,7512.53,12999
2026-07-13T20:00:00+00:00,7512.53,7512.97,7496.49,7504.99,4396
2026-07-13T20:30:00+00:00,7504.99,7504.99,7501.23,7503.58,1107
2026-07-13T22:00:00+00:00,7503.58,7513.61,7503.58,7505.85,4259
2026-07-13T22:30:00+00:00,7505.85,7509.49,7501.22,7502.24,1742
2026-07-13T23:00:00+00:00,7502.24,7502.49,7496.47,7497.73,2043
2026-07-13T23:30:00+00:00,7497.73,7503.98,7491.97,7503.74,6218
2026-07-14T00:00:00+00:00,7503.74,7507.73,7490.22,7495.97,23410
2026-07-14T00:30:00+00:00,7495.97,7510.97,7491.97,7508.97,16071
2026-07-14T01:00:00+00:00,7508.97,7510.72,7504.09,7506.49,10927
2026-07-14T01:30:00+00:00,7506.49,7507.74,7496.47,7498.6,10117
2026-07-14T02:00:00+00:00,7498.6,7505.11,7489.72,7493.47,9010
2026-07-14T02:30:00+00:00,7493.47,7499.99,7489.47,7490.72,6829
2026-07-14T03:00:00+00:00,7490.72,7491.49,7481.99,7490.72,5631
2026-07-14T03:30:00+00:00,7490.72,7495.11,7485.22,7494.47,9239
2026-07-14T04:00:00+00:00,7494.47,7500.22,7488.73,7498.97,5521
2026-07-14T04:30:00+00:00,7498.97,7511.74,7498.22,7510.74,5587
2026-07-14T05:00:00+00:00,7510.74,7520.24,7508.22,7520.24,5293
2026-07-14T05:30:00+00:00,7520.24,7523.99,7517.47,7518.6,4659
2026-07-14T06:00:00+00:00,7518.6,7525.49,7516.22,7517.74,3998
2026-07-14T06:30:00+00:00,7517.74,7520.74,7509.22,7509.49,3074
2026-07-14T07:00:00+00:00,7509.49,7516.23,7505.97,7510.97,7811
2026-07-14T07:30:00+00:00,7510.97,7512.74,7502.72,7509.1,8191
2026-07-14T08:00:00+00:00,7509.1,7514.72,7502.72,7512.97,10069
2026-07-14T08:30:00+00:00,7512.97,7514.49,7503.09,7504.84,5321
2026-07-14T09:00:00+00:00,7504.84,7514.24,7501.73,7504.72,6631
2026-07-14T09:30:00+00:00,7504.72,7511.99,7504.47,7507.73,3890
2026-07-14T10:00:00+00:00,7507.73,7511.24,7505.98,7508.48,3457
2026-07-14T10:30:00+00:00,7508.48,7516.24,7503.72,7507.35,6984
2026-07-14T11:00:00+00:00,7507.35,7514.72,7494.22,7508.74,15416
2026-07-14T11:30:00+00:00,7508.74,7512.99,7503.24,7505.98,6262
2026-07-14T12:00:00+00:00,7505.98,7511.86,7494.98,7511.25,7658
2026-07-14T12:30:00+00:00,7511.25,7563.99,7509.34,7529.86,24856
2026-07-14T13:00:00+00:00,7529.86,7535.24,7521.24,7529.84,11696
2026-07-14T13:30:00+00:00,7529.84,7538.54,7514.76,7533.91,46189
2026-07-14T14:00:00+00:00,7533.91,7535.54,7507.02,7527.66,44797
2026-07-14T14:30:00+00:00,7527.66,7554.04,7525.52,7538.03,35761
2026-07-14T15:00:00+00:00,7538.03,7552.04,7533.54,7547.54,23225
2026-07-14T15:30:00+00:00,7547.54,7550.52,7526.78,7530.28,19422
2026-07-14T16:00:00+00:00,7530.28,7531.28,7520.27,7528.52,16098
2026-07-14T16:30:00+00:00,7528.52,7539.54,7526.77,7539.54,9334
2026-07-14T17:00:00+00:00,7539.54,7547.04,7535.54,7544.29,6165
2026-07-14T17:30:00+00:00,7544.29,7545.79,7538.27,7543.79,4037
2026-07-14T18:00:00+00:00,7543.79,7548.79,7540.27,7545.78,4276
2026-07-14T18:30:00+00:00,7545.78,7546.54,7537.51,7542.52,6605
2026-07-14T19:00:00+00:00,7542.52,7545.04,7537.77,7541.78,4938
2026-07-14T19:30:00+00:00,7541.78,7546.29,7537.51,7540.54,11083
2026-07-14T20:00:00+00:00,7540.54,7542.74,7535.98,7536.48,2946
2026-07-14T20:30:00+00:00,7536.48,7541.97,7535.98,7541.32,739
2026-07-14T22:00:00+00:00,7541.32,7542.81,7533.69,7541.2,2457
2026-07-14T22:30:00+00:00,7541.2,7543.2,7538.94,7539.83,817
2026-07-14T23:00:00+00:00,7539.83,7550.96,7538.44,7550.45,1774
2026-07-14T23:30:00+00:00,7550.45,7555.08,7550.19,7553.45,2619
2026-07-15T00:00:00+00:00,7553.45,7555.46,7548.69,7553.19,5306
2026-07-15T00:30:00+00:00,7553.19,7554.21,7543.45,7552.71,4224
2026-07-15T01:00:00+00:00,7552.71,7554.46,7546.69,7552.45,4956
2026-07-15T01:30:00+00:00,7552.45,7555.21,7548.2,7555.08,4299
2026-07-15T02:00:00+00:00,7555.08,7556.46,7553.44,7555.44,2455
2026-07-15T02:30:00+00:00,7555.44,7557.95,7553.69,7553.94,1544
2026-07-15T03:00:00+00:00,7553.94,7556.21,7552.19,7555.45,1797
2026-07-15T03:30:00+00:00,7555.45,7559.21,7555.2,7557.94,1363
2026-07-15T04:00:00+00:00,7557.94,7558.96,7556.44,7557.7,1021
2026-07-15T04:30:00+00:00,7557.7,7559.21,7556.94,7559.2,1194
2026-07-15T05:00:00+00:00,7559.2,7564.19,7553.44,7554.44,5009
2026-07-15T05:30:00+00:00,7554.44,7559.96,7553.44,7559.94,2820
2026-07-15T06:00:00+00:00,7559.94,7561.21,7557.08,7560.96,2080
2026-07-15T06:30:00+00:00,7560.96,7561.69,7557.19,7558.44,2001
2026-07-15T07:00:00+00:00,7558.44,7559.96,7544.19,7549.7,4110
2026-07-15T07:30:00+00:00,7549.7,7557.19,7547.69,7555.21,3797
2026-07-15T08:00:00+00:00,7555.21,7555.96,7546.71,7551.95,4921
2026-07-15T08:30:00+00:00,7551.95,7558.21,7550.69,7557.46,3077
2026-07-15T09:00:00+00:00,7557.46,7561.46,7557.44,7559.21,1754
2026-07-15T09:30:00+00:00,7559.21,7561.2,7554.46,7555.44,1781
2026-07-15T10:00:00+00:00,7555.44,7557.46,7547.94,7549.07,3141
2026-07-15T10:30:00+00:00,7549.07,7553.07,7548.69,7552.06,2629
2026-07-15T11:00:00+00:00,7552.06,7554.71,7550.19,7551.45,3457
2026-07-15T11:30:00+00:00,7551.45,7554.21,7548.7,7550.83,3271
2026-07-15T12:00:00+00:00,7550.83,7551.46,7543.2,7545.47,3702
2026-07-15T12:30:00+00:00,7545.47,7565.46,7544.71,7562.2,9015
2026-07-15T13:00:00+00:00,7562.2,7566.2,7556.69,7563.19,3579
2026-07-15T13:30:00+00:00,7563.19,7577.01,7552.24,7565.51,30825
2026-07-15T14:00:00+00:00,7565.51,7576.76,7553.99,7567.26,30962
2026-07-15T14:30:00+00:00,7567.26,7569.76,7548.24,7555.63,36995
2026-07-15T15:00:00+00:00,7555.63,7562.26,7542.75,7556.75,26872
2026-07-15T15:30:00+00:00,7556.75,7559.26,7543.49,7547.01,16718
2026-07-15T16:00:00+00:00,7547.01,7549.01,7524.74,7528.76,18600
2026-07-15T16:30:00+00:00,7528.76,7544.26,7522.74,7537.74,16670
2026-07-15T17:00:00+00:00,7537.74,7549.5,7536.76,7549.25,9009
2026-07-15T17:30:00+00:00,7549.25,7567,7549.24,7563.25,9039
2026-07-15T18:00:00+00:00,7563.25,7569.49,7562.74,7567.26,5385.408238185608
2026-07-15T18:30:00+00:00,7567.26,7570.26,7551.74,7552.51,8863
2026-07-15T19:00:00+00:00,7552.51,7559.51,7551.01,7557,9641
2026-07-15T19:30:00+00:00,7557,7568.5,7551.99,7567.51,14575
2026-07-15T20:00:00+00:00,7567.51,7570.06,7559.21,7567.44,3013
2026-07-15T20:30:00+00:00,7567.44,7568.21,7565.44,7566.79,538
2026-07-15T22:00:00+00:00,7566.79,7573.82,7565.96,7568.45,2186
2026-07-15T22:30:00+00:00,7568.45,7570.46,7564.96,7569.95,1752
2026-07-15T23:00:00+00:00,7569.95,7571.7,7568.58,7571.2,986
2026-07-15T23:30:00+00:00,7571.2,7573.46,7567.19,7567.96,2523
2026-07-16T00:00:00+00:00,7567.96,7579.21,7567.31,7570.69,8541
2026-07-16T00:30:00+00:00,7570.69,7573.46,7565.94,7568.21,6724
2026-07-16T01:00:00+00:00,7568.21,7569.7,7561.94,7562.96,7089
2026-07-16T01:30:00+00:00,7562.96,7570.46,7562.46,7566.19,5990
2026-07-16T02:00:00+00:00,7566.19,7571.95,7562.46,7571.19,4065
2026-07-16T02:30:00+00:00,7571.19,7575.21,7569.44,7574.19,3255
2026-07-16T03:00:00+00:00,7574.19,7576.46,7572.44,7573.45,2080
2026-07-16T03:30:00+00:00,7573.45,7576.71,7572.94,7575.96,3267
2026-07-16T04:00:00+00:00,7575.96,7577.96,7573.69,7574.19,1844
2026-07-16T04:30:00+00:00,7574.19,7574.83,7572.19,7573.44,1781
2026-07-16T05:00:00+00:00,7573.44,7581.46,7573.2,7579.19,2787
2026-07-16T05:30:00+00:00,7579.19,7583.46,7566.94,7568.69,4800
2026-07-16T06:00:00+00:00,7568.69,7576.45,7564.94,7569.69,7260
2026-07-16T06:30:00+00:00,7569.69,7570.71,7562.71,7569.95,2386
2026-07-16T07:00:00+00:00,7569.95,7570.46,7559.94,7562.19,5105
2026-07-16T07:30:00+00:00,7562.19,7563.21,7551.69,7553.21,3593
2026-07-16T08:00:00+00:00,7553.21,7555.44,7545.19,7553.06,6207
2026-07-16T08:30:00+00:00,7553.06,7561.71,7551.81,7561.21,3756
2026-07-16T09:00:00+00:00,7561.21,7566.96,7561.19,7562.44,2548
2026-07-16T09:30:00+00:00,7562.44,7564.46,7556.44,7556.7,3763
2026-07-16T10:00:00+00:00,7556.7,7559.45,7552.94,7556.21,3546
2026-07-16T10:30:00+00:00,7556.21,7558.71,7552.44,7554.46,3323
2026-07-16T11:00:00+00:00,7554.46,7554.96,7547.2,7551.44,5064
2026-07-16T11:30:00+00:00,7551.44,7551.71,7532.21,7548.71,9443
2026-07-16T12:00:00+00:00,7548.71,7550.46,7535.45,7538.57,6159
2026-07-16T12:30:00+00:00,7538.57,7541.31,7532.06,7538.21,7845
2026-07-16T13:00:00+00:00,7538.21,7549.46,7537.44,7548.2,5985
2026-07-16T13:30:00+00:00,7548.2,7555.75,7526.99,7539.5,41324
2026-07-16T14:00:00+00:00,7539.5,7564.75,7536.75,7564.01,27298
2026-07-16T14:30:00+00:00,7564.01,7566.51,7554.49,7562.76,17975
2026-07-16T15:00:00+00:00,7562.76,7565.26,7550.24,7558.75,17052
2026-07-16T15:30:00+00:00,7558.75,7564.76,7550.75,7556.49,13532
2026-07-16T16:00:00+00:00,7556.49,7557.01,7534.74,7540.01,17094
2026-07-16T16:30:00+00:00,7540.01,7550.76,7537.49,7549.74,12416
2026-07-16T17:00:00+00:00,7549.74,7550.26,7540.99,7547.74,9453
2026-07-16T17:30:00+00:00,7547.74,7549.01,7531.24,7534.01,10794
2026-07-16T18:00:00+00:00,7534.01,7538.01,7525.25,7530.25,13593
2026-07-16T18:30:00+00:00,7530.25,7530.26,7519.86,7522.99,9956
2026-07-16T19:00:00+00:00,7522.99,7527.76,7509.74,7512,11135
2026-07-16T19:30:00+00:00,7512,7531.25,7499.99,7529,17001
2026-07-16T20:00:00+00:00,7529,7529.33,7517.94,7520.69,6061
2026-07-16T20:30:00+00:00,7520.69,7522.08,7518.19,7520.8,1528
2026-07-16T22:00:00+00:00,7520.8,7527.38,7519.11,7519.61,2909
2026-07-16T22:30:00+00:00,7519.61,7520.63,7516.11,7518.37,1574
2026-07-16T23:00:00+00:00,7518.37,7519.5,7511.12,7513.38,1748
2026-07-16T23:30:00+00:00,7513.38,7516.63,7509.36,7512.99,3463
2026-07-17T00:00:00+00:00,7512.99,7516.13,7501.86,7502.75,9157
2026-07-17T00:30:00+00:00,7502.75,7507.88,7498.62,7504.61,6460
2026-07-17T01:00:00+00:00,7504.61,7508.63,7496.11,7500.61,8168
2026-07-17T01:30:00+00:00,7500.61,7501.25,7487.86,7490.49,5979
2026-07-17T02:00:00+00:00,7490.49,7491.88,7482.61,7483.88,3586
2026-07-17T02:30:00+00:00,7483.88,7485.62,7478.11,7482.63,3000
2026-07-17T03:00:00+00:00,7482.63,7493.74,7480.86,7492.13,2588
2026-07-17T03:30:00+00:00,7492.13,7492.38,7476.86,7476.86,3678
2026-07-17T04:00:00+00:00,7476.86,7477.13,7465.11,7466.75,4784
2026-07-17T04:30:00+00:00,7466.75,7471.63,7460.9,7466.38,5328
2026-07-17T05:00:00+00:00,7466.38,7468.25,7462.36,7464.12,4555
2026-07-17T05:30:00+00:00,7464.12,7466.63,7455.62,7463.63,5620
2026-07-17T06:00:00+00:00,7463.63,7475.63,7461.62,7474.63,5786
2026-07-17T06:30:00+00:00,7474.63,7475.88,7461.36,7464.5,4956
2026-07-17T07:00:00+00:00,7464.5,7469.61,7462.36,7469.25,8874
2026-07-17T07:30:00+00:00,7469.25,7471.38,7463.12,7464.11,5991
2026-07-17T08:00:00+00:00,7464.11,7469.37,7447.61,7452.88,14130
2026-07-17T08:30:00+00:00,7452.88,7456.63,7443.63,7451.99,8888
2026-07-17T09:00:00+00:00,7451.99,7462.88,7449.11,7462.88,7067
2026-07-17T09:30:00+00:00,7462.88,7463.13,7455.61,7462.63,6055
2026-07-17T10:00:00+00:00,7462.63,7470.38,7459.38,7468.11,7299
2026-07-17T10:30:00+00:00,7468.11,7474.38,7467.86,7470.63,3949
2026-07-17T11:00:00+00:00,7470.63,7474.38,7461.87,7469.49,5848
2026-07-17T11:30:00+00:00,7469.49,7473,7464.86,7471.38,5213
2026-07-17T12:00:00+00:00,7471.38,7472,7460.11,7461.87,5971
2026-07-17T12:30:00+00:00,7461.87,7463.88,7455.11,7456.87,6146
2026-07-17T13:00:00+00:00,7456.87,7457.12,7435.86,7437.88,8845
2026-07-17T13:30:00+00:00,7437.88,7466.66,7425.66,7466.18,49827
2026-07-17T14:00:00+00:00,7466.18,7491.43,7464.91,7481.93,37697
2026-07-17T14:30:00+00:00,7481.93,7486.43,7466.91,7468.67,31782
2026-07-17T15:00:00+00:00,7468.67,7474.18,7457.42,7472.91,29443
2026-07-17T15:30:00+00:00,7472.91,7488.93,7462.66,7486.92,25922
2026-07-17T16:00:00+00:00,7486.92,7489.43,7466.17,7477.43,23833
2026-07-17T16:30:00+00:00,7477.43,7491.17,7473.38,7481.68,15512
2026-07-17T17:00:00+00:00,7481.68,7490.42,7477.91,7486.91,14314
2026-07-17T17:30:00+00:00,7486.91,7487.93,7461.41,7463.67,14517.418446813139
2026-07-17T18:00:00+00:00,7463.67,7469.43,7450.41,7454.91,17233
2026-07-17T18:30:00+00:00,7454.91,7464.68,7448.41,7461.41,17760
2026-07-17T19:00:00+00:00,7461.41,7462.67,7439.16,7449.67,18403
2026-07-17T19:30:00+00:00,7449.67,7462.16,7443.92,7449.43,30540
2026-07-17T20:00:00+00:00,7449.43,7450.37,7436.88,7445.63,10257
2026-07-17T20:30:00+00:00,7445.63,7449.13,7445.37,7448.97,1050
2026-07-19T22:00:00+00:00,7448.97,7453.58,7438.56,7443.69,10138
2026-07-19T22:30:00+00:00,7443.69,7458.83,7442.43,7452.33,4196
2026-07-19T23:00:00+00:00,7452.33,7454.82,7448.31,7449.82,3255
2026-07-19T23:30:00+00:00,7449.82,7461.69,7447.56,7460.7,6106
2026-07-20T00:00:00+00:00,7460.7,7473.82,7453.31,7467.93,10711
2026-07-20T00:30:00+00:00,7467.93,7468.45,7458.56,7459.81,9010
2026-07-20T01:00:00+00:00,7459.81,7468.08,7454.93,7455.58,11467
2026-07-20T01:30:00+00:00,7455.58,7457.33,7446.56,7451.08,9660
2026-07-20T02:00:00+00:00,7451.08,7462.95,7450.08,7452.93,8304
2026-07-20T02:30:00+00:00,7452.93,7467.2,7452.58,7462.07,7730
2026-07-20T03:00:00+00:00,7462.07,7464.31,7457.57,7460.68,6296
2026-07-20T03:30:00+00:00,7460.68,7466.81,7458.81,7462.08,5947
2026-07-20T04:00:00+00:00,7462.08,7464.83,7455.57,7464.33,5178
2026-07-20T04:30:00+00:00,7464.33,7471.58,7462.81,7465.57,5106
2026-07-20T05:00:00+00:00,7465.57,7466.7,7454.31,7456.81,6260
2026-07-20T05:30:00+00:00,7456.81,7457.08,7450.56,7452.57,5433
2026-07-20T06:00:00+00:00,7452.57,7456.07,7449.32,7451.31,5497
2026-07-20T06:30:00+00:00,7451.31,7454.82,7447.56,7453.57,4458
2026-07-20T07:00:00+00:00,7453.57,7466.32,7453.18,7466.06,8880
2026-07-20T07:30:00+00:00,7466.06,7475.81,7465.81,7472.32,8499
2026-07-20T08:00:00+00:00,7472.32,7478.08,7470.56,7474.08,6844
2026-07-20T08:30:00+00:00,7474.08,7474.83,7468.56,7470.56,4845
2026-07-20T09:00:00+00:00,7470.56,7474.7,7467.33,7473.58,4540
2026-07-20T09:30:00+00:00,7473.58,7483.83,7472.56,7478.06,4382
2026-07-20T10:00:00+00:00,7478.06,7478.82,7473.31,7476.33,3537
2026-07-20T10:30:00+00:00,7476.33,7480.58,7473.82,7478.31,4220
2026-07-20T11:00:00+00:00,7478.31,7485.83,7477.08,7480.08,4565
2026-07-20T11:30:00+00:00,7480.08,7501.83,7479.57,7492.08,14330
2026-07-20T12:00:00+00:00,7492.08,7492.56,7477.56,7486.57,10827
2026-07-20T12:30:00+00:00,7486.57,7487.58,7479.08,7483.56,5055
2026-07-20T13:00:00+00:00,7483.56,7492.58,7482.56,7490.57,5121
2026-07-20T13:30:00+00:00,7490.57,7508.37,7475.61,7476.88,24834
2026-07-20T14:00:00+00:00,7476.88,7483.75,7462.63,7476.86,27753
2026-07-20T14:30:00+00:00,7476.86,7479.36,7457.86,7461.61,26823
2026-07-20T15:00:00+00:00,7461.61,7480.13,7458.5,7479.13,21599
2026-07-20T15:30:00+00:00,7479.13,7484.63,7471.12,7480.12,14746
2026-07-20T16:00:00+00:00,7480.12,7490.38,7476.12,7485.13,9676
2026-07-20T16:30:00+00:00,7485.13,7488,7466.12,7470.11,15949
2026-07-20T17:00:00+00:00,7470.11,7472.38,7455.86,7461.38,9945
2026-07-20T17:30:00+00:00,7461.38,7468.75,7455.87,7465.62,9521
2026-07-20T18:00:00+00:00,7465.62,7474.13,7461.62,7464.86,8686
2026-07-20T18:30:00+00:00,7464.86,7464.88,7444.23,7447,13453
2026-07-20T19:00:00+00:00,7447,7451.62,7434.86,7446.87,14046
2026-07-20T19:30:00+00:00,7446.87,7453.63,7436.99,7442.11,17037
2026-07-20T20:00:00+00:00,7442.11,7449.32,7433.32,7435.57,3971
2026-07-20T20:30:00+00:00,7435.57,7440.33,7435.32,7439.93,1112
2026-07-20T22:00:00+00:00,7439.93,7443.08,7430.82,7433.32,2854
2026-07-20T22:30:00+00:00,7433.32,7434.45,7430.57,7432.83,1387
2026-07-20T23:00:00+00:00,7432.83,7447.32,7432.18,7447.06,2176
2026-07-20T23:30:00+00:00,7447.06,7448.33,7438.06,7442.56,3836
2026-07-21T00:00:00+00:00,7442.56,7445.83,7431.32,7443.58,15275
2026-07-21T00:30:00+00:00,7443.58,7453.2,7443.33,7449.56,7270
2026-07-21T01:00:00+00:00,7449.56,7456.83,7446.82,7453.07,7339
2026-07-21T01:30:00+00:00,7453.07,7455.58,7448.32,7450.18,5478
2026-07-21T02:00:00+00:00,7450.18,7457.08,7446.06,7451.32,5304
2026-07-21T02:30:00+00:00,7451.32,7459.33,7451.32,7459.08,2975
2026-07-21T03:00:00+00:00,7459.08,7465.33,7459.07,7465.33,1519
2026-07-21T03:30:00+00:00,7465.33,7470.43,7464.83,7470.2,2111
2026-07-21T04:00:00+00:00,7470.2,7474.07,7470.06,7471.31,2267
2026-07-21T04:30:00+00:00,7471.31,7473.58,7470.57,7471.69,1885
2026-07-21T05:00:00+00:00,7471.69,7474.33,7467.56,7474.06,2681
2026-07-21T05:30:00+00:00,7474.06,7480.2,7471.81,7478.31,2953
2026-07-21T06:00:00+00:00,7478.31,7480.31,7475.31,7477.08,3105
2026-07-21T06:30:00+00:00,7477.08,7484.82,7477.08,7481.31,2733
2026-07-21T07:00:00+00:00,7481.31,7485.32,7473.31,7474.32,3909
2026-07-21T07:30:00+00:00,7474.32,7477.83,7471.32,7475.32,3226
2026-07-21T08:00:00+00:00,7475.32,7481.81,7473.31,7481.06,4893
2026-07-21T08:30:00+00:00,7481.06,7483.06,7478.81,7480.82,3055
2026-07-21T09:00:00+00:00,7480.82,7485.58,7480.32,7480.57,2492
2026-07-21T09:30:00+00:00,7480.57,7484.58,7478.83,7479.94,2349
2026-07-21T10:00:00+00:00,7479.94,7485.31,7478.31,7481.32,4977
2026-07-21T10:30:00+00:00,7481.32,7486.08,7477.31,7479.58,3617
2026-07-21T11:00:00+00:00,7479.58,7481.08,7470.44,7471.82,3858
2026-07-21T11:30:00+00:00,7471.82,7478.08,7471.07,7472.31,3327
2026-07-21T12:00:00+00:00,7472.31,7478.45,7468.08,7468.32,5507
2026-07-21T12:30:00+00:00,7468.32,7474.83,7463.32,7473.08,5055
2026-07-21T13:00:00+00:00,7473.08,7483.31,7469.33,7483.19,4580
2026-07-21T13:30:00+00:00,7483.19,7487.61,7462.12,7473.87,30331
2026-07-21T14:00:00+00:00,7473.87,7490.63,7468.23,7489.37,24770
2026-07-21T14:30:00+00:00,7489.37,7493.48,7478.61,7488.63,14563
2026-07-21T15:00:00+00:00,7488.63,7501.37,7479.12,7501.13,11000
2026-07-21T15:30:00+00:00,7501.13,7501.38,7495.11,7496.12,5731
2026-07-21T16:00:00+00:00,7496.12,7508.12,7495.62,7507.11,3886
2026-07-21T16:30:00+00:00,7507.11,7511.38,7505.11,7507.86,3091
2026-07-21T17:00:00+00:00,7507.86,7509.37,7503.11,7504.38,3219
2026-07-21T17:30:00+00:00,7504.38,7509.87,7502.86,7506.61,2882
2026-07-21T18:00:00+00:00,7506.61,7508.13,7501.13,7502.63,3046
2026-07-21T18:30:00+00:00,7502.63,7506.86,7499.86,7504.37,2379
2026-07-21T19:00:00+00:00,7504.37,7505.38,7501.63,7503.11,3175
2026-07-21T19:30:00+00:00,7503.11,7506.87,7500.88,7503.63,6530
2026-07-21T20:00:00+00:00,7503.63,7504.33,7498.31,7498.82,1980
2026-07-21T20:30:00+00:00,7498.82,7501.06,7498.07,7500.18,482
2026-07-21T22:00:00+00:00,7500.18,7503.73,7499.22,7499.99,2135
2026-07-21T22:30:00+00:00,7499.99,7500.74,7496.72,7498.98,991
2026-07-21T23:00:00+00:00,7498.98,7502.22,7497.98,7501.23,968
2026-07-21T23:30:00+00:00,7501.23,7502.24,7497.97,7501.49,2336
2026-07-22T00:00:00+00:00,7501.49,7505.23,7498.97,7500.22,8283
2026-07-22T00:30:00+00:00,7500.22,7501.24,7496.22,7500.24,5918
2026-07-22T01:00:00+00:00,7500.24,7500.99,7493.23,7494.47,4744
2026-07-22T01:30:00+00:00,7494.47,7502.73,7492.72,7499.23,4434
2026-07-22T02:00:00+00:00,7499.23,7500.97,7494.73,7499.74,4291
2026-07-22T02:30:00+00:00,7499.74,7501.47,7496.47,7499.61,4111
2026-07-22T03:00:00+00:00,7499.61,7502.74,7496.22,7502.47,3310
2026-07-22T03:30:00+00:00,7502.47,7502.99,7492.72,7493.73,4713
2026-07-22T04:00:00+00:00,7493.73,7497.74,7492.48,7496.99,2818
2026-07-22T04:30:00+00:00,7496.99,7496.99,7493.47,7496.74,2479
2026-07-22T05:00:00+00:00,7496.74,7497.24,7492.22,7492.86,4678
2026-07-22T05:30:00+00:00,7492.86,7495.24,7490.47,7494.73,4754
2026-07-22T06:00:00+00:00,7494.73,7494.99,7481.72,7482.97,4041
2026-07-22T06:30:00+00:00,7482.97,7487.74,7479.47,7480.97,3115
2026-07-22T07:00:00+00:00,7480.97,7485.11,7474.49,7483.47,5838
2026-07-22T07:30:00+00:00,7483.47,7484.48,7470.47,7474.49,6464
2026-07-22T08:00:00+00:00,7474.49,7481.99,7473.24,7481.99,7977
2026-07-22T08:30:00+00:00,7481.99,7484.74,7479.47,7483.48,4807
2026-07-22T09:00:00+00:00,7483.48,7489.99,7482.98,7485.49,3475
2026-07-22T09:30:00+00:00,7485.49,7485.74,7478.84,7484.72,4037
2026-07-22T10:00:00+00:00,7484.72,7491.23,7482.72,7489.97,4918
2026-07-22T10:30:00+00:00,7489.97,7490.85,7484.22,7488.49,4504
2026-07-22T11:00:00+00:00,7488.49,7488.59,7480.97,7481.47,4631
2026-07-22T11:30:00+00:00,7481.47,7484.74,7469.97,7475.59,7098
2026-07-22T12:00:00+00:00,7475.59,7478.49,7470.47,7474.73,5266
2026-07-22T12:30:00+00:00,7474.73,7481.48,7462.76,7472.97,7598
2026-07-22T13:00:00+00:00,7472.97,7486.99,7472.97,7486.24,5516
2026-07-22T13:30:00+00:00,7486.24,7508.29,7483.79,7508.29,17654
2026-07-22T14:00:00+00:00,7508.29,7514.54,7491.28,7493.04,15718
2026-07-22T14:30:00+00:00,7493.04,7500.79,7487.29,7500.28,15847
2026-07-22T15:00:00+00:00,7500.28,7518.03,7499.77,7515.27,8609
2026-07-22T15:30:00+00:00,7515.27,7518.52,7508.52,7518.52,5964
2026-07-22T16:00:00+00:00,7518.52,7521.29,7515.79,7519.79,4017
2026-07-22T16:30:00+00:00,7519.79,7521.04,7516.02,7519.52,3827
2026-07-22T17:00:00+00:00,7519.52,7520.78,7510.53,7511.27,4613
2026-07-22T17:30:00+00:00,7511.27,7514.54,7504.52,7506.02,4341
2026-07-22T18:00:00+00:00,7506.02,7508.04,7500.78,7505.52,5032
2026-07-22T18:30:00+00:00,7505.52,7506.79,7501.29,7505.28,3744
2026-07-22T19:00:00+00:00,7505.28,7505.54,7497.52,7501.04,4402
2026-07-22T19:30:00+00:00,7501.04,7504.29,7494.52,7494.54,8465
2026-07-22T20:00:00+00:00,7494.54,7512.11,7490.35,7506.72,17113
2026-07-22T20:30:00+00:00,7506.72,7507.49,7499.34,7499.34,4108
2026-07-22T22:00:00+00:00,7499.34,7499.34,7481.08,7481.59,4508
2026-07-22T22:30:00+00:00,7481.59,7483.59,7475.19,7481.58,2015
2026-07-22T23:00:00+00:00,7481.58,7481.95,7476.32,7478.69,1953
2026-07-22T23:30:00+00:00,7478.69,7489.59,7478.69,7489.59,2585
2026-07-23T00:00:00+00:00,7489.59,7504.07,7486.95,7499.84,7775
2026-07-23T00:30:00+00:00,7499.84,7508.59,7499.82,7505.84,4825
2026-07-23T01:00:00+00:00,7505.84,7508.83,7502.57,7503.08,5077
2026-07-23T01:30:00+00:00,7503.08,7505.09,7497.59,7497.83,7181
2026-07-23T02:00:00+00:00,7497.83,7500.84,7488.82,7490.08,6177
2026-07-23T02:30:00+00:00,7490.08,7493.32,7486.07,7490.09,4468
2026-07-23T03:00:00+00:00,7490.09,7490.59,7480.08,7484.34,3938
2026-07-23T03:30:00+00:00,7484.34,7488.19,7481.83,7486.08,4919
2026-07-23T04:00:00+00:00,7486.08,7492.84,7480.58,7491.32,4446
2026-07-23T04:30:00+00:00,7491.32,7492.34,7484.94,7486.57,4209
2026-07-23T05:00:00+00:00,7486.57,7492.82,7483.32,7492.82,4528
2026-07-23T05:30:00+00:00,7492.82,7494.7,7480.57,7481.84,4594
2026-07-23T06:00:00+00:00,7481.84,7485.84,7481.07,7484.84,4532
2026-07-23T06:30:00+00:00,7484.84,7485.59,7478.57,7478.94,3047
2026-07-23T07:00:00+00:00,7478.94,7479.32,7457.82,7468.59,9911
2026-07-23T07:30:00+00:00,7468.59,7469.34,7454.58,7463.59,8624
2026-07-23T08:00:00+00:00,7463.59,7474.46,7457.94,7472.59,8872
2026-07-23T08:30:00+00:00,7472.59,7478.59,7466.82,7477.83,4857
2026-07-23T09:00:00+00:00,7477.83,7484.82,7472.08,7472.95,5156
2026-07-23T09:30:00+00:00,7472.95,7474.34,7468.57,7470.34,4105
2026-07-23T10:00:00+00:00,7470.34,7473.58,7467.69,7471.57,5015
2026-07-23T10:30:00+00:00,7471.57,7483.09,7470.83,7479.57,5239
2026-07-23T11:00:00+00:00,7479.57,7480.94,7462.57,7463.83,6389
2026-07-23T11:30:00+00:00,7463.83,7464.84,7449.32,7459.33,9614
2026-07-23T12:00:00+00:00,7459.33,7460.59,7438.7,7440.71,9030
2026-07-23T12:30:00+00:00,7440.71,7441.58,7421.57,7425.07,13643
2026-07-23T13:00:00+00:00,7425.07,7427.09,7408.83,7412.82,13574
2026-07-23T13:30:00+00:00,7412.82,7445.51,7404.38,7415.14,33854
2026-07-23T14:00:00+00:00,7415.14,7428.89,7408.13,7417.39,47241
2026-07-23T14:30:00+00:00,7417.39,7425.89,7399.39,7402.87,33449
2026-07-23T15:00:00+00:00,7402.87,7404.39,7377.38,7378.12,25234
2026-07-23T15:30:00+00:00,7378.12,7398.39,7371.14,7397.64,22228
2026-07-23T16:00:00+00:00,7397.64,7416.12,7394.63,7414.14,18571
2026-07-23T16:30:00+00:00,7414.14,7416.63,7397.12,7406.12,17350
2026-07-23T17:00:00+00:00,7406.12,7411.25,7397.39,7406.89,20262
2026-07-23T17:30:00+00:00,7406.89,7407.37,7390.87,7391.38,18085
2026-07-23T18:00:00+00:00,7391.38,7394.64,7387.63,7394.12,14619
2026-07-23T18:30:00+00:00,7394.12,7396.88,7386.13,7390.38,11786
2026-07-23T19:00:00+00:00,7390.38,7399.64,7385.12,7395.37,10932
2026-07-23T19:30:00+00:00,7395.37,7406.87,7377.89,7402.14,19534
2026-07-23T20:00:00+00:00,7402.14,7417.07,7402.14,7414.44,12781
2026-07-23T20:30:00+00:00,7414.44,7417.34,7411.57,7415.17,3070
2026-07-23T22:00:00+00:00,7415.17,7415.17,7402.68,7406.43,4179
2026-07-23T22:30:00+00:00,7406.43,7413.41,7405.91,7412.93,2044
2026-07-23T23:00:00+00:00,7412.93,7413.41,7407.42,7409.79,1898
2026-07-23T23:30:00+00:00,7409.79,7411.68,7403.93,7408.53,4665
2026-07-24T00:00:00+00:00,7408.53,7414.8,7403.17,7410.42,12057
2026-07-24T00:30:00+00:00,7410.42,7416.43,7406.66,7413.91,7813
2026-07-24T01:00:00+00:00,7413.91,7417.17,7410.67,7412.93,8248
2026-07-24T01:30:00+00:00,7412.93,7418.68,7409.91,7410.42,7405
2026-07-24T02:00:00+00:00,7410.42,7412.93,7407.54,7409.66,6231
2026-07-24T02:30:00+00:00,7409.66,7409.68,7398.92,7398.92,5607
2026-07-24T03:00:00+00:00,7398.92,7403.43,7398.68,7401.67,5481
2026-07-24T03:30:00+00:00,7401.67,7402.92,7396.41,7396.93,5908
2026-07-24T04:00:00+00:00,7396.93,7404.18,7394.91,7403.92,4796
2026-07-24T04:30:00+00:00,7403.92,7404.18,7397.16,7402.93,4619
2026-07-24T05:00:00+00:00,7402.93,7408.18,7400.92,7406.43,5709
2026-07-24T05:30:00+00:00,7406.43,7409.68,7401.66,7401.67,4807
2026-07-24T06:00:00+00:00,7401.67,7406.92,7396.16,7401.41,5768
2026-07-24T06:30:00+00:00,7401.41,7404.67,7393.41,7402.16,5055
2026-07-24T07:00:00+00:00,7402.16,7422.18,7401.53,7421.41,8811
2026-07-24T07:30:00+00:00,7421.41,7422.68,7414.16,7415.92,5645
2026-07-24T08:00:00+00:00,7415.92,7418.68,7408.78,7418.18,8553
2026-07-24T08:30:00+00:00,7418.18,7421.43,7415.66,7416.92,5621
2026-07-24T09:00:00+00:00,7416.92,7424.67,7415.78,7423.17,5887
2026-07-24T09:30:00+00:00,7423.17,7426.92,7421.66,7425.43,4074
2026-07-24T10:00:00+00:00,7425.43,7426.43,7418.66,7421.17,3332
2026-07-24T10:30:00+00:00,7421.17,7423.93,7417.55,7417.93,3861
2026-07-24T11:00:00+00:00,7417.93,7422.43,7417.66,7419.18,5549
2026-07-24T11:30:00+00:00,7419.18,7428.05,7412.78,7424.67,7860
2026-07-24T12:00:00+00:00,7424.67,7427.18,7417.16,7425.43,9231
2026-07-24T12:30:00+00:00,7425.43,7425.91,7408.67,7409.66,6075
2026-07-24T13:00:00+00:00,7409.66,7412.68,7403.41,7403.41,7027
2026-07-24T13:30:00+00:00,7403.41,7416.72,7392.23,7393.09,38520
2026-07-24T14:00:00+00:00,7393.09,7417.83,7391.09,7409.72,38682
2026-07-24T14:30:00+00:00,7409.72,7425.23,7392.47,7424.71,31703
2026-07-24T15:00:00+00:00,7424.71,7450.23,7414.46,7444.73,36697
2026-07-24T15:30:00+00:00,7444.73,7451.46,7438.98,7449.22,21125
2026-07-24T16:00:00+00:00,7449.22,7455.97,7445.48,7450.73,14289
2026-07-24T16:30:00+00:00,7450.73,7451.23,7425.97,7433.21,17805
2026-07-24T17:00:00+00:00,7433.21,7436.98,7420.96,7435.97,16693
2026-07-24T17:30:00+00:00,7435.97,7440.23,7427.97,7428.47,12635
2026-07-24T18:00:00+00:00,7428.47,7431.48,7408.48,7408.97,13740
2026-07-24T18:30:00+00:00,7408.97,7409.98,7395.21,7402.71,20165
2026-07-24T19:00:00+00:00,7402.71,7407.73,7391.96,7395.35,18235
2026-07-24T19:30:00+00:00,7395.35,7409.71,7395.21,7407.58,18621
2026-07-24T20:00:00+00:00,7407.58,7409.43,7401.17,7403.18,6260
2026-07-24T20:30:00+00:00,7403.18,7404.01,7398.91,7404.01,1450
2026-07-26T22:00:00+00:00,7404.01,7469.99,7404.01,7456.37,4364
2026-07-26T22:30:00+00:00,7456.37,7460.13,7452.61,7453.36,2669
2026-07-26T23:00:00+00:00,7453.36,7461.74,7452.63,7460.11,2631
2026-07-26T23:30:00+00:00,7460.11,7473.63,7459.87,7472.62,3598
2026-07-27T00:00:00+00:00,7472.62,7473.37,7457.86,7461.38,9705
2026-07-27T00:30:00+00:00,7461.38,7463.62,7453.87,7454.11,7479
2026-07-27T01:00:00+00:00,7454.11,7458,7448.61,7451.25,7024
2026-07-27T01:30:00+00:00,7451.25,7460.88,7451.11,7459.61,7832
2026-07-27T02:00:00+00:00,7459.61,7463.38,7457.36,7461.73,5787
2026-07-27T02:30:00+00:00,7461.73,7463.87,7458.24,7460.86,3597
2026-07-27T03:00:00+00:00,7460.86,7464.88,7460.36,7462.12,2882
2026-07-27T03:30:00+00:00,7462.12,7463.63,7459.36,7461.13,3734
2026-07-27T04:00:00+00:00,7461.13,7465.37,7460.37,7463,3824
2026-07-27T04:30:00+00:00,7463,7468.38,7461.37,7466.13,2513
2026-07-27T05:00:00+00:00,7466.13,7471.87,7465.61,7471.87,2373
2026-07-27T05:30:00+00:00,7471.87,7476.63,7470.86,7475.87,2526
2026-07-27T06:00:00+00:00,7475.87,7481.38,7475.61,7476.37,3420
2026-07-27T06:30:00+00:00,7476.37,7478.37,7472.23,7473.13,2939
2026-07-27T07:00:00+00:00,7473.13,7478.73,7472.36,7474.37,5903
2026-07-27T07:30:00+00:00,7474.37,7474.62,7467.11,7467.36,4811
2026-07-27T08:00:00+00:00,7467.36,7476.87,7467.11,7476.12,6904
2026-07-27T08:30:00+00:00,7476.12,7481.38,7474.37,7480.63,4203
2026-07-27T09:00:00+00:00,7480.63,7481.61,7477.87,7479.13,2814
2026-07-27T09:30:00+00:00,7479.13,7486.12,7478.61,7483.61,3057
2026-07-27T10:00:00+00:00,7483.61,7484.88,7479.86,7482.36,2881
2026-07-27T10:30:00+00:00,7482.36,7485.88,7480.86,7483.37,1835
2026-07-27T11:00:00+00:00,7483.37,7483.62,7470.36,7470.36,3494
2026-07-27T11:30:00+00:00,7470.36,7476.63,7469.87,7473.38,5174
2026-07-27T12:00:00+00:00,7473.38,7476.63,7466.13,7469.63,6213
2026-07-27T12:30:00+00:00,7469.63,7475.88,7467.87,7474.88,5041
2026-07-27T13:00:00+00:00,7474.88,7476.62,7468.62,7468.87,6830
2026-07-27T13:30:00+00:00,7468.87,7475.54,7435.41,7435.41,46003
2026-07-27T14:00:00+00:00,7435.41,7440.66,7401.67,7402.28,46140
2026-07-27T14:30:00+00:00,7402.28,7418.41,7384.91,7417.18,53595
2026-07-27T15:00:00+00:00,7417.18,7423.29,7398.68,7402.41,38150
2026-07-27T15:30:00+00:00,7402.41,7402.54,7382.91,7394.41,31788
2026-07-27T16:00:00+00:00,7394.41,7416.53,7388.43,7406.91,30717
2026-07-27T16:30:00+00:00,7406.91,7413.18,7385.91,7389.67,26608
2026-07-27T17:00:00+00:00,7389.67,7390.43,7377.93,7381.43,20789
2026-07-27T17:30:00+00:00,7381.43,7397.93,7381.17,7397.66,18593
2026-07-27T18:00:00+00:00,7397.66,7399.18,7389.67,7395.92,16725
2026-07-27T18:30:00+00:00,7395.92,7411.93,7385.66,7410.16,20321
2026-07-27T19:00:00+00:00,7410.16,7417.18,7404.41,7416.17,14294
2026-07-27T19:30:00+00:00,7416.17,7418.18,7405.41,7410.91,16617
2026-07-27T20:00:00+00:00,7410.91,7415.63,7406.61,7410.12,4237
2026-07-27T20:30:00+00:00,7410.12,7417.87,7409.37,7414.97,1612
2026-07-27T22:00:00+00:00,7414.97,7418.29,7406.54,7407.04,2475
2026-07-27T22:30:00+00:00,7407.04,7410.8,7406.53,7406.9,1256
2026-07-27T23:00:00+00:00,7406.9,7411.15,7402.53,7411.04,1979
2026-07-27T23:30:00+00:00,7411.04,7412.42,7404.28,7410.29,4400
2026-07-28T00:00:00+00:00,7410.29,7414.28,7398.78,7402.79,13876
2026-07-28T00:30:00+00:00,7402.79,7407.55,7396.78,7399.55,10779
2026-07-28T01:00:00+00:00,7399.55,7403.54,7387.28,7400.28,10875
2026-07-28T01:30:00+00:00,7400.28,7406.05,7394.55,7396.78,9761
2026-07-28T02:00:00+00:00,7396.78,7398.05,7390.53,7392.66,7847
2026-07-28T02:30:00+00:00,7392.66,7395.8,7389.28,7392.79,6676
2026-07-28T03:00:00+00:00,7392.79,7400.3,7386.54,7392.15,7277
2026-07-28T03:30:00+00:00,7392.15,7404.3,7388.28,7402.65,10822
2026-07-28T04:00:00+00:00,7402.65,7402.65,7392.17,7392.66,6700
2026-07-28T04:30:00+00:00,7392.66,7396.91,7388.78,7389.67,5082
2026-07-28T05:00:00+00:00,7389.67,7393.8,7386.28,7387.05,5728
2026-07-28T05:30:00+00:00,7387.05,7387.8,7381.28,7383.28,5778
2026-07-28T06:00:00+00:00,7383.28,7388.91,7381.78,7387.8,9085
2026-07-28T06:30:00+00:00,7387.8,7393.29,7386.04,7392.03,6953
2026-07-28T07:00:00+00:00,7392.03,7401.04,7391.53,7397.53,10345
2026-07-28T07:30:00+00:00,7397.53,7399.8,7391.8,7395.66,8535
2026-07-28T08:00:00+00:00,7395.66,7406.8,7387.9,7405.28,14314
2026-07-28T08:30:00+00:00,7405.28,7411.4,7401.28,7404.28,9655
2026-07-28T09:00:00+00:00,7404.28,7408.3,7402.78,7407.79,6715
2026-07-28T09:30:00+00:00,7407.79,7407.92,7400.53,7402.04,5181
2026-07-28T10:00:00+00:00,7402.04,7404.78,7399.28,7404.78,6058
2026-07-28T10:30:00+00:00,7404.78,7406.78,7396.28,7404.66,9267
2026-07-28T11:00:00+00:00,7404.66,7411.17,7395.03,7400.54,15215
2026-07-28T11:30:00+00:00,7400.54,7414.79,7395.53,7413.41,11319
2026-07-28T12:00:00+00:00,7413.41,7420.42,7411.03,7419.55,8585
2026-07-28T12:30:00+00:00,7419.55,7425.91,7414.9,7418.92,10385
2026-07-28T13:00:00+00:00,7418.92,7424.55,7411.55,7412.54,10428
2026-07-28T13:30:00+00:00,7412.54,7414.6,7379.83,7384.47,57252
2026-07-28T14:00:00+00:00,7384.47,7401.85,7382.58,7397.1,58859
2026-07-28T14:30:00+00:00,7397.1,7417.85,7391.58,7406.33,40926
2026-07-28T15:00:00+00:00,7406.33,7439.1,7400.08,7431.6,35381
2026-07-28T15:30:00+00:00,7431.6,7444.35,7429.85,7442.1,19804
2026-07-28T16:00:00+00:00,7442.1,7443.35,7432.08,7432.34,14136
2026-07-28T16:30:00+00:00,7432.34,7448.09,7429.34,7446.33,14356
2026-07-28T17:00:00+00:00,7446.33,7448.09,7430.83,7433.08,16731
2026-07-28T17:30:00+00:00,7433.08,7439.33,7425.34,7432.09,13928
2026-07-28T18:00:00+00:00,7432.09,7435.35,7424.58,7426.34,13455
2026-07-28T18:30:00+00:00,7426.34,7436.35,7425.34,7434.85,13103
2026-07-28T19:00:00+00:00,7434.85,7440.09,7433.35,7437.6,11045
2026-07-28T19:30:00+00:00,7437.6,7437.84,7425.34,7429.08,14634
2026-07-28T20:00:00+00:00,7429.08,7436.53,7421.15,7434.8,9212
2026-07-28T20:30:00+00:00,7434.8,7435.78,7428.53,7430.25,2467
2026-07-28T22:00:00+00:00,7430.25,7437.54,7421.05,7425.66,4679
2026-07-28T22:30:00+00:00,7425.66,7426.29,7414.04,7415.29,7006
2026-07-28T23:00:00+00:00,7415.29,7434.05,7413.03,7432.15,7769
2026-07-28T23:30:00+00:00,7432.15,7458.55,7431.04,7458.04,10502
2026-07-29T00:00:00+00:00,7458.04,7463.92,7453.79,7456.41,14921
2026-07-29T00:30:00+00:00,7456.41,7458.42,7448.78,7450.04,10724
2026-07-29T01:00:00+00:00,7450.04,7452.54,7432.29,7441.53,14487
2026-07-29T01:30:00+00:00,7441.53,7442.15,7418.53,7418.78,15189
2026-07-29T02:00:00+00:00,7418.78,7429.8,7416.54,7429.8,14975
2026-07-29T02:30:00+00:00,7429.8,7432.05,7424.41,7426.78,10032
2026-07-29T03:00:00+00:00,7426.78,7431.42,7419.03,7419.04,9365
2026-07-29T03:30:00+00:00,7419.04,7421.04,7408.55,7410.92,8002
2026-07-29T04:00:00+00:00,7410.92,7411.79,7405.66,7408.28,11864
2026-07-29T04:30:00+00:00,7408.28,7414.05,7402.04,7414.05,12903
2026-07-29T05:00:00+00:00,7414.05,7424.8,7412.03,7423.05,10283
2026-07-29T05:30:00+00:00,7423.05,7426.05,7420.03,7421.03,8512
2026-07-29T06:00:00+00:00,7421.03,7424.55,7414.79,7424.29,9373
2026-07-29T06:30:00+00:00,7424.29,7443.05,7424.29,7442.15,8414
2026-07-29T07:00:00+00:00,7442.15,7446.8,7438.28,7445.54,10299
2026-07-29T07:30:00+00:00,7445.54,7448.29,7441.78,7444.79,7095
2026-07-29T08:00:00+00:00,7444.79,7445.55,7432.53,7434.65,11469
2026-07-29T08:30:00+00:00,7434.65,7449.15,7433.28,7444.16,8877
2026-07-29T09:00:00+00:00,7444.16,7447.05,7442.28,7443.4,7870
2026-07-29T09:30:00+00:00,7443.4,7455.79,7441.03,7449.53,8248
2026-07-29T10:00:00+00:00,7449.53,7452.55,7445.03,7448.53,8054
2026-07-29T10:30:00+00:00,7448.53,7449.9,7440.03,7441.4,7833
2026-07-29T11:00:00+00:00,7441.4,7448.53,7440.15,7445.79,7867
2026-07-29T11:30:00+00:00,7445.79,7446.8,7440.78,7444.8,6483
2026-07-29T12:00:00+00:00,7444.8,7445.3,7420.54,7423.05,15577
2026-07-29T12:30:00+00:00,7423.05,7430.79,7419.28,7427.28,8479
2026-07-29T13:00:00+00:00,7427.28,7428.55,7416.04,7420.79,10266
2026-07-29T13:30:00+00:00,7420.79,7424.83,7386.08,7393.71,58642
2026-07-29T14:00:00+00:00,7393.71,7403.47,7362.34,7368.85,53539
2026-07-29T14:30:00+00:00,7368.85,7378.1,7358.08,7367.85,41589
2026-07-29T15:00:00+00:00,7367.85,7376.35,7363.22,7363.96,34893
2026-07-29T15:30:00+00:00,7363.96,7369.84,7349.84,7356.96,29804
2026-07-29T16:00:00+00:00,7356.96,7359.84,7337.08,7358.09,22080
2026-07-29T16:30:00+00:00,7358.09,7368.35,7348.34,7368.35,24379
2026-07-29T17:00:00+00:00,7368.35,7392.34,7366.84,7377.22,24193
2026-07-29T17:30:00+00:00,7377.22,7383.85,7372.6,7382.57,21278
2026-07-29T18:00:00+00:00,7382.57,7415.1,7382.31,7392.34,57278
2026-07-29T18:30:00+00:00,7392.34,7446.35,7379.35,7439.2,61593
2026-07-29T19:00:00+00:00,7439.2,7445.6,7360.59,7369.1,67799
2026-07-29T19:30:00+00:00,7369.1,7374.83,7310.33,7312.58,66799
2026-07-29T20:00:00+00:00,7312.58,7319.06,7288.03,7294.92,31659
2026-07-29T20:30:00+00:00,7294.92,7309.92,7288.53,7299.27,10240
2026-07-29T22:00:00+00:00,7299.27,7340.73,7296.1,7336.1,11317
2026-07-29T22:30:00+00:00,7336.1,7340.48,7332.36,7334.74,4372
2026-07-29T23:00:00+00:00,7334.74,7344.61,7334.6,7342.73,4789
2026-07-29T23:30:00+00:00,7342.73,7347.25,7339.85,7343.23,8645
2026-07-30T00:00:00+00:00,7343.23,7352.74,7337.1,7343.49,21589
2026-07-30T00:30:00+00:00,7343.49,7346.25,7332.74,7340.75,15737
2026-07-30T01:00:00+00:00,7340.75,7353.61,7339.23,7351,15901
2026-07-30T01:30:00+00:00,7351,7357.25,7350.73,7353.6,9145
2026-07-30T02:00:00+00:00,7353.6,7357.5,7349.74,7351,9356
2026-07-30T02:30:00+00:00,7351,7353.5,7342.62,7342.98,7719
2026-07-30T03:00:00+00:00,7342.98,7348.75,7335.49,7338.24,8298
2026-07-30T03:30:00+00:00,7338.24,7343.37,7334.49,7339.74,10471
2026-07-30T04:00:00+00:00,7339.74,7343.99,7333.87,7343.37,8768
2026-07-30T04:30:00+00:00,7343.37,7343.6,7331.23,7332.5,8760
2026-07-30T05:00:00+00:00,7332.5,7335.5,7326.98,7333.24,9267
2026-07-30T05:30:00+00:00,7333.24,7341.87,7330,7333.5,9298
2026-07-30T06:00:00+00:00,7333.5,7334,7324.48,7329.23,10056
2026-07-30T06:30:00+00:00,7329.23,7329.5,7323.24,7328.74,7190
2026-07-30T07:00:00+00:00,7328.74,7347,7326.75,7330.1,20371
2026-07-30T07:30:00+00:00,7330.1,7332.99,7319,7324.5,12686
2026-07-30T08:00:00+00:00,7324.5,7344.12,7316.48,7341.88,15524
2026-07-30T08:30:00+00:00,7341.88,7344.38,7334.13,7338.13,8908
2026-07-30T09:00:00+00:00,7338.13,7350.51,7336.62,7348.62,9848
2026-07-30T09:30:00+00:00,7348.62,7353.39,7339.62,7339.990000000001,7482
2026-07-30T10:00:00+00:00,7339.990000000001,7353.89,7337.14,7351.62,9137
2026-07-30T10:30:00+00:00,7351.62,7357.64,7349.13,7350.490000000001,10112
2026-07-30T11:00:00+00:00,7350.490000000001,7362.990000000001,7350.490000000001,7362.990000000001,9584
2026-07-30T11:30:00+00:00,7362.990000000001,7367.39,7359.64,7365.14,7859
2026-07-30T12:00:00+00:00,7365.14,7370.14,7361.37,7365,8928
2026-07-30T12:30:00+00:00,7365,7371.240000000001,7358.38,7364.14,16248
2026-07-30T13:00:00+00:00,7364.14,7380.12,7363.37,7379.88,15345
2026-07-30T13:30:00+00:00,7379.88,7405.4400000000005,7365.4400000000005,7405.1900000000005,45154
2026-07-30T14:00:00+00:00,7405.1900000000005,7411.9400000000005,7392.42,7405.1900000000005,37302
2026-07-30T14:30:00+00:00,7405.1900000000005,7409.9400000000005,7374.43,7380.68,32635
2026-07-30T15:00:00+00:00,7380.68,7386.68,7364.68,7366.42,38848
2026-07-30T15:30:00+00:00,7366.42,7395.18,7365.17,7390.17,32558
2026-07-30T16:00:00+00:00,7390.17,7411.17,7387.4400000000005,7406.9400000000005,19442
2026-07-30T16:30:00+00:00,7406.9400000000005,7410.9400000000005,7396.92,7409.42,18639
2026-07-30T17:00:00+00:00,7409.42,7421.9400000000005,7409.3,7417.18,13689
2026-07-30T17:30:00+00:00,7417.18,7423.1900000000005,7411.43,7417.17,12246
2026-07-30T18:00:00+00:00,7417.17,7423.4400000000005,7416.42,7422.93,9124
2026-07-30T18:30:00+00:00,7422.93,7427.6900000000005,7419.43,7426.93,8813
2026-07-30T19:00:00+00:00,7426.93,7443.9400000000005,7426.93,7436.93,11373
2026-07-30T19:30:00+00:00,7436.93,7441.9400000000005,7429.93,7436.6900000000005,18702
2026-07-30T20:00:00+00:00,7436.6900000000005,7457.64,7433.76,7455.76,17123
2026-07-30T20:30:00+00:00,7455.76,7461.89,7437.62,7440.35,8824
2026-07-30T22:00:00+00:00,7440.35,7446.54,7434.17,7440.92,5803
2026-07-30T22:30:00+00:00,7440.92,7451.42,7438.660000000001,7450.650000000001,2718
2026-07-30T23:00:00+00:00,7450.650000000001,7455.410000000001,7446.400000000001,7448.660000000001,2482
2026-07-30T23:30:00+00:00,7448.660000000001,7457.67,7448.02,7453.900000000001,4021
2026-07-31T00:00:00+00:00,7453.900000000001,7463.910000000001,7450.660000000001,7460.150000000001,8906
2026-07-31T00:30:00+00:00,7460.150000000001,7463.400000000001,7457.27,7461.17,5410
2026-07-31T01:00:00+00:00,7461.17,7470.42,7461.17,7468.280000000001,4242
2026-07-31T01:30:00+00:00,7468.280000000001,7468.67,7460.400000000001,7463.900000000001,5621
2026-07-31T02:00:00+00:00,7463.900000000001,7466.42,7457.52,7458.530000000001,4335
2026-07-31T02:30:00+00:00,7458.530000000001,7459.67,7454.650000000001,7459.17,3181
2026-07-31T03:00:00+00:00,7459.17,7463.410000000001,7454.650000000001,7462.400000000001,4346
2026-07-31T03:30:00+00:00,7462.400000000001,7464.77,7459.150000000001,7462.910000000001,4995
2026-07-31T04:00:00+00:00,7462.910000000001,7469.17,7458.410000000001,7468.900000000001,3393
2026-07-31T04:30:00+00:00,7468.900000000001,7475.42,7468.400000000001,7474.92,2460
2026-07-31T05:00:00+00:00,7474.92,7476.410000000001,7473.160000000001,7475.27,2212
2026-07-31T05:30:00+00:00,7475.27,7476.650000000001,7471.660000000001,7474.410000000001,3007
2026-07-31T06:00:00+00:00,7474.410000000001,7477.02,7472.660000000001,7473.900000000001,3157
2026-07-31T06:30:00+00:00,7473.900000000001,7474.17,7458.160000000001,7462.42,7583
2026-07-31T07:00:00+00:00,7462.42,7474.67,7459.150000000001,7471.150000000001,10095
2026-07-31T07:30:00+00:00,7471.150000000001,7474.17,7468.77,7472.660000000001,6346
2026-07-31T08:00:00+00:00,7472.660000000001,7478.92,7468.900000000001,7477.410000000001,9792
2026-07-31T08:30:00+00:00,7477.410000000001,7479.92,7473.150000000001,7478.910000000001,6212
2026-07-31T09:00:00+00:00,7478.910000000001,7483.67,7477.17,7477.900000000001,6159
2026-07-31T09:30:00+00:00,7477.900000000001,7478.42,7469.92,7470.160000000001,5821
2026-07-31T10:00:00+00:00,7470.160000000001,7478.17,7468.400000000001,7475.67,5354
2026-07-31T10:30:00+00:00,7475.67,7476.660000000001,7470.400000000001,7472.650000000001,5240
2026-07-31T11:00:00+00:00,7472.650000000001,7477.42,7465.52,7466.02,8931
2026-07-31T11:30:00+00:00,7466.02,7466.400000000001,7460.52,7465.410000000001,7616
2026-07-31T12:00:00+00:00,7465.410000000001,7465.660000000001,7452.160000000001,7457.18,7428
2026-07-31T12:30:00+00:00,7457.18,7457.92,7445.900000000001,7449.17,8877
2026-07-31T13:00:00+00:00,7449.17,7465.42,7447.410000000001,7464.77,7825
2026-07-31T13:30:00+00:00,7464.77,7481.22,7432.950000000001,7436.59,52625
2026-07-31T14:00:00+00:00,7436.59,7441.09,7393.950000000001,7421.97,55317
2026-07-31T14:30:00+00:00,7421.97,7446.96,7418.450000000001,7442.96,43862
2026-07-31T15:00:00+00:00,7442.96,7448.08,7418.700000000001,7420.700000000001,40072
2026-07-31T15:30:00+00:00,7420.700000000001,7450.97,7415.72,7448.72,36275
2026-07-31T16:00:00+00:00,7448.72,7461.97,7442.21,7461.97,25035
2026-07-31T16:30:00+00:00,7461.97,7467.46,7457.700000000001,7463.72,18877
2026-07-31T17:00:00+00:00,7463.72,7481.72,7462.700000000001,7480.950000000001,11718
2026-07-31T17:30:00+00:00,7480.950000000001,7482.72,7469.47,7471.97,13699
2026-07-31T18:00:00+00:00,7471.97,7482.22,7470.450000000001,7477.97,12609
2026-07-31T18:30:00+00:00,7477.97,7482.71,7474.34,7478.96,8158
2026-07-31T19:00:00+00:00,7478.96,7496.96,7475.450000000001,7492.72,11866
2026-07-31T19:30:00+00:00,7492.72,7506.97,7481.96,7485.22,19566
2026-07-31T20:00:00+00:00,7485.22,7492.910000000001,7482.26,7483.77,9677
2026-07-31T20:30:00+00:00,7483.77,7485.78,7481.77,7483.37,1210
2026-08-02T22:00:00+00:00,7483.37,7524.08,7483.37,7517.69,9653
2026-08-02T22:30:00+00:00,7517.69,7519.08,7510.81,7512.19,2110
2026-08-02T23:00:00+00:00,7512.19,7516.44,7510.06,7515.2,2149
2026-08-02T23:30:00+00:00,7515.2,7521.58,7513.31,7517.83,5180
2026-08-03T00:00:00+00:00,7517.83,7522.950000000001,7511.700000000001,7513.34,11306
2026-08-03T00:30:00+00:00,7513.34,7520.72,7512.700000000001,7520.59,7779
2026-08-03T01:00:00+00:00,7520.59,7522.47,7515.950000000001,7521.47,6339
2026-08-03T01:30:00+00:00,7521.47,7524.97,7519.21,7524.47,4158
2026-08-03T02:00:00+00:00,7524.47,7528.200000000001,7522.96,7523.47,1967
2026-08-03T02:30:00+00:00,7523.47,7527.21,7522.97,7526.700000000001,2074
2026-08-03T03:00:00+00:00,7526.700000000001,7528.72,7525.200000000001,7525.21,1554
2026-08-03T03:30:00+00:00,7525.21,7530.58,7524.700000000001,7528.200000000001,2286
2026-08-03T04:00:00+00:00,7528.200000000001,7531.22,7527.450000000001,7530.96,1416
2026-08-03T04:30:00+00:00,7530.96,7533.09,7529.46,7529.71,1059
2026-08-03T05:00:00+00:00,7529.71,7531.72,7528.200000000001,7529.71,1200
2026-08-03T05:30:00+00:00,7529.71,7530.34,7526.72,7529.46,1372
2026-08-03T06:00:00+00:00,7529.46,7532.22,7525.200000000001,7525.96,2886
2026-08-03T06:30:00+00:00,7525.96,7528.22,7522.21,7523.200000000001,2441
2026-08-03T07:00:00+00:00,7523.200000000001,7527.97,7519.200000000001,7523.200000000001,8252
2026-08-03T07:30:00+00:00,7523.200000000001,7526.47,7519.700000000001,7525.97,4752
2026-08-03T08:00:00+00:00,7525.97,7526.21,7513.72,7516.72,7608
2026-08-03T08:30:00+00:00,7516.72,7525.72,7514.200000000001,7525.72,5881
2026-08-03T09:00:00+00:00,7525.72,7526.700000000001,7520.22,7522.58,4263
2026-08-03T09:30:00+00:00,7522.58,7525.97,7520.200000000001,7523.72,4159
2026-08-03T10:00:00+00:00,7523.72,7526.72,7521.97,7526.450000000001,4392
2026-08-03T10:30:00+00:00,7526.450000000001,7529.46,7524.71,7529.22,2986
2026-08-03T11:00:00+00:00,7529.22,7530.450000000001,7523.700000000001,7527.820000000001,5824
2026-08-03T11:30:00+00:00,7527.820000000001,7533.950000000001,7522.200000000001,7523.72,5311
2026-08-03T12:00:00+00:00,7523.72,7525.21,7519.700000000001,7524.47,5869
2026-08-03T12:30:00+00:00,7524.47,7532.47,7524.47,7529.700000000001,4886
2026-08-03T13:00:00+00:00,7529.700000000001,7531.96,7511.46,7512.22,6264
2026-08-03T13:30:00+00:00,7512.22,7554.39,7509.63,7554.02,35211
2026-08-03T14:00:00+00:00,7554.02,7566.26,7549.01,7563.51,17834
2026-08-03T14:30:00+00:00,7563.51,7572.27,7561.5,7572.25,8287
2026-08-03T15:00:00+00:00,7572.25,7575.26,7566.25,7569.52,7207
2026-08-03T15:30:00+00:00,7569.52,7580.27,7569.26,7577.76,6508
2026-08-03T16:00:00+00:00,7577.76,7584.01,7575.75,7583.51,3664
2026-08-03T16:30:00+00:00,7583.51,7584.27,7578.01,7580.25,3561
2026-08-03T17:00:00+00:00,7580.25,7589.52,7577.87,7588.76,3922
2026-08-03T17:30:00+00:00,7588.76,7596.02,7588.26,7594.51,3238
2026-08-03T18:00:00+00:00,7594.51,7601.27,7592.75,7593.75,5018
2026-08-03T18:30:00+00:00,7593.75,7600.77,7591.5,7597.51,4937
2026-08-03T19:00:00+00:00,7597.51,7604.01,7597.5,7601.75,4500
2026-08-03T19:30:00+00:00,7601.75,7603.5,7592.75,7594.76,9114
2026-08-03T20:00:00+00:00,7594.76,7602.950000000001,7591.700000000001,7599.47,2801
2026-08-03T20:30:00+00:00,7599.47,7602.97,7596.820000000001,7597.570000000001,973
2026-08-03T22:00:00+00:00,7597.570000000001,7602.660000000001,7596.42,7601.030000000001,2445
2026-08-03T22:30:00+00:00,7601.030000000001,7603.92,7600.400000000001,7602.530000000001,1248
2026-08-03T23:00:00+00:00,7602.530000000001,7603.42,7600.900000000001,7601.910000000001,866
2026-08-03T23:30:00+00:00,7601.910000000001,7603.42,7599.900000000001,7602.900000000001,2827
2026-08-04T00:00:00+00:00,7602.900000000001,7604.660000000001,7598.030000000001,7598.410000000001,7570
2026-08-04T00:30:00+00:00,7598.410000000001,7603.04,7596.900000000001,7600.410000000001,6201
2026-08-04T01:00:00+00:00,7600.410000000001,7603.67,7596.900000000001,7603.67,5576
2026-08-04T01:30:00+00:00,7603.67,7614.67,7603.160000000001,7613.67,3713
2026-08-04T02:00:00+00:00,7613.67,7614.67,7606.400000000001,7607.42,5849
2026-08-04T02:30:00+00:00,7607.42,7611.67,7607.400000000001,7609.650000000001,4298
2026-08-04T03:00:00+00:00,7609.650000000001,7611.42,7605.410000000001,7610.660000000001,4391
2026-08-04T03:30:00+00:00,7610.660000000001,7612.67,7608.910000000001,7611.92,4382
2026-08-04T04:00:00+00:00,7611.92,7613.150000000001,7609.150000000001,7612.67,3004
2026-08-04T04:30:00+00:00,7612.67,7613.67,7611.530000000001,7612.650000000001,2310
2026-08-04T05:00:00+00:00,7612.650000000001,7613.17,7609.900000000001,7612.660000000001,3140
2026-08-04T05:30:00+00:00,7612.660000000001,7616.160000000001,7612.410000000001,7614.910000000001,2455
2026-08-04T06:00:00+00:00,7614.910000000001,7617.17,7614.02,7614.400000000001,2110
2026-08-04T06:30:00+00:00,7614.400000000001,7615.42,7610.150000000001,7611.67,1697
2026-08-04T07:00:00+00:00,7611.67,7614.67,7608.900000000001,7612.150000000001,4570
2026-08-04T07:30:00+00:00,7612.150000000001,7615.410000000001,7609.150000000001,7610.650000000001,2880
2026-08-04T08:00:00+00:00,7610.650000000001,7613.17,7609.160000000001,7610.660000000001,4914
2026-08-04T08:30:00+00:00,7610.660000000001,7610.660000000001,7602.650000000001,7604.42,4678
2026-08-04T09:00:00+00:00,7604.42,7604.42,7599.150000000001,7601.650000000001,3910
2026-08-04T09:30:00+00:00,7601.650000000001,7605.900000000001,7601.400000000001,7604.92,2730
2026-08-04T10:00:00+00:00,7604.92,7606.92,7603.400000000001,7603.660000000001,2559
2026-08-04T10:30:00+00:00,7603.660000000001,7614.92,7603.42,7610.400000000001,8733
2026-08-04T11:00:00+00:00,7610.400000000001,7615.910000000001,7608.900000000001,7615.67,5332
2026-08-04T11:30:00+00:00,7615.67,7624.900000000001,7612.410000000001,7621.660000000001,8892
2026-08-04T12:00:00+00:00,7621.660000000001,7622.900000000001,7618.650000000001,7621.79,4470
2026-08-04T12:30:00+00:00,7621.79,7623.160000000001,7618.280000000001,7618.400000000001,3249
2026-08-04T13:00:00+00:00,7618.400000000001,7630.780000000001,7616.780000000001,7624.650000000001,5620
2026-08-04T13:30:00+00:00,7624.650000000001,7653.97,7623.84,7652.59,16775
2026-08-04T14:00:00+00:00,7652.59,7673.47,7649.950000000001,7664.21,14431
2026-08-04T14:30:00+00:00,7664.21,7683.71,7660.450000000001,7682.700000000001,13742
2026-08-04T15:00:00+00:00,7682.700000000001,7698.450000000001,7681.450000000001,7693.070000000001,7845
2026-08-04T15:30:00+00:00,7693.070000000001,7708.47,7691.22,7703.96,8201
2026-08-04T16:00:00+00:00,7703.96,7712.97,7700.700000000001,7711.72,5819
2026-08-04T16:30:00+00:00,7711.72,7722.97,7709.700000000001,7722.46,5051
2026-08-04T17:00:00+00:00,7722.46,7735.97,7721.700000000001,7732.72,5969
2026-08-04T17:30:00+00:00,7732.72,7750.96,7729.450000000001,7735.450000000001,8261
2026-08-04T18:00:00+00:00,7735.450000000001,7743.71,7730.72,7743.22,10566
2026-08-04T18:30:00+00:00,7743.22,7744.22,7733.46,7740.22,7684
2026-08-04T19:00:00+00:00,7740.22,7750.47,7739.97,7742.22,6625
2026-08-04T19:30:00+00:00,7742.22,7753.22,7728.96,7731.47,12238
2026-08-04T20:00:00+00:00,7731.47,7748.280000000001,7728.67,7734.160000000001,15690
2026-08-04T20:30:00+00:00,7734.160000000001,7742.660000000001,7732.780000000001,7741.64,5321
2026-08-04T22:00:00+00:00,7741.64,7749.64,7739.37,7748.38,3088
2026-08-04T22:30:00+00:00,7748.38,7751.38,7745.88,7748.990000000001,2115
2026-08-04T23:00:00+00:00,7748.990000000001,7751.13,7746.88,7747.64,1274
2026-08-04T23:30:00+00:00,7747.64,7749.26,7744.14,7745.62,3215
2026-08-05T00:00:00+00:00,7745.62,7751.89,7744.5,7751.63,6097
2026-08-05T00:30:00+00:00,7751.63,7753.64,7747.12,7752.64,3740
2026-08-05T01:00:00+00:00,7752.64,7752.64,7746.12,7747.38,3910
2026-08-05T01:30:00+00:00,7747.38,7753.38,7746.87,7752.63,2981
2026-08-05T02:00:00+00:00,7752.63,7755.14,7751.64,7753.37,2666
2026-08-05T02:30:00+00:00,7753.37,7756.89,7752.12,7755.13,2082
2026-08-05T03:00:00+00:00,7755.13,7760.39,7754.62,7755.62,2085
2026-08-05T03:30:00+00:00,7755.62,7760.39,7754.63,7760.12,1700
2026-08-05T04:00:00+00:00,7760.12,7761.14,7756.38,7757.63,1418
2026-08-05T04:30:00+00:00,7757.63,7760.64,7757.12,7759.62,1268
2026-08-05T05:00:00+00:00,7759.62,7764.37,7758.87,7762.37,1652
2026-08-05T05:30:00+00:00,7762.37,7767.88,7761.62,7766.87,1495
2026-08-05T06:00:00+00:00,7766.87,7767.76,7759.88,7761.13,2105
2026-08-05T06:30:00+00:00,7761.13,7766.39,7760.62,7766.39,1690
2026-08-05T07:00:00+00:00,7766.39,7767.62,7758.87,7759.14,4965
2026-08-05T07:30:00+00:00,7759.14,7761.37,7756.37,7760.87,2415
2026-08-05T08:00:00+00:00,7760.87,7764.89,7750.87,7753.38,5493
2026-08-05T08:30:00+00:00,7753.38,7753.75,7748.62,7752.38,5116
2026-08-05T09:00:00+00:00,7752.38,7757.13,7750.990000000001,7757.13,3858
2026-08-05T09:30:00+00:00,7757.13,7760.39,7755.63,7756.62,3358
2026-08-05T10:00:00+00:00,7756.62,7761.64,7755.63,7761.39,2876
2026-08-05T10:30:00+00:00,7761.39,7766.14,7760.12,7765.87,3696
2026-08-05T11:00:00+00:00,7765.87,7767.89,7762.87,7762.87,4092
2026-08-05T11:30:00+00:00,7762.87,7766.64,7761.13,7766.13,4115
2026-08-05T12:00:00+00:00,7766.13,7773.63,7765.62,7771.37,5325
2026-08-05T12:30:00+00:00,7771.37,7772.62,7764.14,7767.87,5412
2026-08-05T13:00:00+00:00,7767.87,7777.88,7767.63,7777.62,5529
2026-08-05T13:30:00+00:00,7777.62,7788.42,7763.54,7787.4400000000005,37991
2026-08-05T14:00:00+00:00,7787.4400000000005,7787.4400000000005,7767.68,7768.04,39940
2026-08-05T14:30:00+00:00,7768.04,7770.6900000000005,7746.68,7754.54,34543
2026-08-05T15:00:00+00:00,7754.54,7759.6900000000005,7733.04,7736.93,27050
2026-08-05T15:30:00+00:00,7736.93,7745.18,7723.18,7726.17,21584
2026-08-05T16:00:00+00:00,7726.17,7740.9400000000005,7719.04,7740.4400000000005,23659
2026-08-05T16:30:00+00:00,7740.4400000000005,7741.6900000000005,7731.67,7737.92,16897
2026-08-05T17:00:00+00:00,7737.92,7741.05,7730.42,7733.18,15994
2026-08-05T17:30:00+00:00,7733.18,7739.9400000000005,7730.68,7735.1900000000005,11789
2026-08-05T18:00:00+00:00,7735.1900000000005,7742.6900000000005,7735.17,7739.18,9869
2026-08-05T18:30:00+00:00,7739.18,7739.6900000000005,7731.92,7733.67,9274
2026-08-05T19:00:00+00:00,7733.67,7739.6900000000005,7732.1900000000005,7737.4400000000005,8488
2026-08-05T19:30:00+00:00,7737.4400000000005,7738.1900000000005,7714.18,7716.9400000000005,12123
2026-08-05T20:00:00+00:00,7716.9400000000005,7728.62,7715.37,7725.38,9670
2026-08-05T20:30:00+00:00,7725.38,7729.89,7724.88,7726.97,1764
2026-08-05T22:00:00+00:00,7726.97,7736.63,7725.88,7736.12,3048
2026-08-05T22:30:00+00:00,7736.12,7739.87,7733.37,7733.4800000000005,1902
2026-08-05T23:00:00+00:00,7733.4800000000005,7736.9800000000005,7732.25,7734.860000000001,1261
2026-08-05T23:30:00+00:00,7734.860000000001,7736.12,7729.610000000001,7731.13,3254
2026-08-06T00:00:00+00:00,7731.13,7732.62,7726.13,7727.37,7061
2026-08-06T00:30:00+00:00,7727.37,7731.13,7726.110000000001,7726.37,4825
2026-08-06T01:00:00+00:00,7726.37,7726.87,7717.2300000000005,7719.12,4836
2026-08-06T01:30:00+00:00,7719.12,7725.490000000001,7718.610000000001,7724.240000000001,5469
2026-08-06T02:00:00+00:00,7724.240000000001,7732.88,7724.110000000001,7729.610000000001,4383
2026-08-06T02:30:00+00:00,7729.610000000001,7737.12,7727.860000000001,7734.13,2888
2026-08-06T03:00:00+00:00,7734.13,7736.38,7729.13,7729.87,2282
2026-08-06T03:30:00+00:00,7729.87,7732.990000000001,7728.37,7732.610000000001,3621
2026-08-06T04:00:00+00:00,7732.610000000001,7734.37,7728.860000000001,7733.12,2816
2026-08-06T04:30:00+00:00,7733.12,7734.610000000001,7729.110000000001,7732.13,2869
2026-08-06T05:00:00+00:00,7732.13,7734.88,7730.610000000001,7732.88,3947
2026-08-06T05:30:00+00:00,7732.88,7734.38,7729.860000000001,7734.110000000001,3085
2026-08-06T06:00:00+00:00,7734.110000000001,7734.38,7723.38,7730.4800000000005,4239
2026-08-06T06:30:00+00:00,7730.4800000000005,7730.860000000001,7724.610000000001,7728.860000000001,3600
2026-08-06T07:00:00+00:00,7728.860000000001,7733.63,7727.110000000001,7729.38,5477
2026-08-06T07:30:00+00:00,7729.38,7729.62,7724.110000000001,7727.610000000001,3511
2026-08-06T08:00:00+00:00,7727.610000000001,7729.75,7719.490000000001,7729.610000000001,7592
2026-08-06T08:30:00+00:00,7729.610000000001,7734.610000000001,7729.12,7734.12,3891
2026-08-06T09:00:00+00:00,7734.12,7734.12,7724.38,7729.63,3902
2026-08-06T09:30:00+00:00,7729.63,7736.63,7727.860000000001,7736.38,2725
2026-08-06T10:00:00+00:00,7736.38,7736.38,7731.37,7734.610000000001,2344
2026-08-06T10:30:00+00:00,7734.610000000001,7734.63,7728.110000000001,7731.12,2962
2026-08-06T11:00:00+00:00,7731.12,7731.88,7719.7300000000005,7731.38,7221
2026-08-06T11:30:00+00:00,7731.38,7734.88,7723.88,7729.13,5753
2026-08-06T12:00:00+00:00,7729.13,7729.88,7721.110000000001,7726.240000000001,6116
2026-08-06T12:30:00+00:00,7726.240000000001,7730.62,7721.610000000001,7723.610000000001,4939
2026-08-06T13:00:00+00:00,7723.610000000001,7724.13,7716.860000000001,7721.13,6280
2026-08-06T13:30:00+00:00,7721.13,7734.67,7709.67,7728.43,40404
2026-08-06T14:00:00+00:00,7728.43,7737.55,7720.160000000001,7723.68,25305
2026-08-06T14:30:00+00:00,7723.68,7729.92,7714.910000000001,7729.17,25486
2026-08-06T15:00:00+00:00,7729.17,7731.67,7705.410000000001,7711.67,21740
2026-08-06T15:30:00+00:00,7711.67,7716.68,7698.8,7700.410000000001,21762
2026-08-06T16:00:00+00:00,7700.410000000001,7704.18,7693.67,7701.42,19232
2026-08-06T16:30:00+00:00,7701.42,7709.18,7698.160000000001,7708.68,13715
2026-08-06T17:00:00+00:00,7708.68,7710.67,7696.910000000001,7697.160000000001,11668
2026-08-06T17:30:00+00:00,7697.160000000001,7705.42,7696.160000000001,7705.42,8333
2026-08-06T18:00:00+00:00,7705.42,7716.43,7703.910000000001,7713.160000000001,9080
2026-08-06T18:30:00+00:00,7713.160000000001,7713.67,7703.93,7708.93,6147
2026-08-06T19:00:00+00:00,7708.93,7717.17,7704.660000000001,7705.93,7303
2026-08-06T19:30:00+00:00,7705.93,7709.18,7696.42,7705.17,12852
2026-08-06T20:00:00+00:00,7705.17,7710.360000000001,7698.12,7699.360000000001,4817
2026-08-06T20:30:00+00:00,7699.360000000001,7701.63,7697.860000000001,7700.71,1160
2026-08-06T22:00:00+00:00,7700.71,7710.62,7699.5,7706.490000000001,1728
2026-08-06T22:30:00+00:00,7706.490000000001,7708.25,7702.990000000001,7707.76,1119
2026-08-06T23:00:00+00:00,7707.76,7710.51,7706.240000000001,7708,1214
2026-08-06T23:30:00+00:00,7708,7710.76,7707.12,7709.740000000001,3126
2026-08-07T00:00:00+00:00,7709.740000000001,7712.26,7698.990000000001,7700.26,9528
2026-08-07T00:30:00+00:00,7700.26,7709.25,7699.62,7705.51,8200
2026-08-07T01:00:00+00:00,7705.51,7707.76,7697.5,7703.490000000001,6638
2026-08-07T01:30:00+00:00,7703.490000000001,7709.01,7699.38,7702.63,9682
2026-08-07T02:00:00+00:00,7702.63,7704.860000000001,7698.990000000001,7702.38,6181
2026-08-07T02:30:00+00:00,7702.38,7703.25,7696.740000000001,7702,3916
2026-08-07T03:00:00+00:00,7702,7704,7698.240000000001,7700.490000000001,2519
2026-08-07T03:30:00+00:00,7700.490000000001,7702.26,7698.490000000001,7699.01,4015
2026-08-07T04:00:00+00:00,7699.01,7702.26,7695.25,7700.51,3940
2026-08-07T04:30:00+00:00,7700.51,7703.26,7698.740000000001,7701.5,3508
2026-08-07T05:00:00+00:00,7701.5,7706.51,7701.12,7704.490000000001,3115
2026-08-07T05:30:00+00:00,7704.490000000001,7704.76,7701.490000000001,7701.5,2232
2026-08-07T06:00:00+00:00,7701.5,7709.75,7701.490000000001,7709.5,2302
2026-08-07T06:30:00+00:00,7709.5,7709.51,7703.990000000001,7707.75,1828
2026-08-07T07:00:00+00:00,7707.75,7712.26,7705.76,7711.38,4824
2026-08-07T07:30:00+00:00,7711.38,7712.490000000001,7707.990000000001,7710.240000000001,2493
2026-08-07T08:00:00+00:00,7710.240000000001,7716.5,7710,7714.01,4002
2026-08-07T08:30:00+00:00,7714.01,7717.12,7711.76,7715.240000000001,3106
2026-08-07T09:00:00+00:00,7715.240000000001,7718.51,7714.490000000001,7716.76,2688
2026-08-07T09:30:00+00:00,7716.76,7718.51,7715.240000000001,7715.75,2677
2026-08-07T10:00:00+00:00,7715.75,7717.13,7713.990000000001,7716.76,1966
2026-08-07T10:30:00+00:00,7716.76,7719.240000000001,7714.76,7716.240000000001,1385
2026-08-07T11:00:00+00:00,7716.240000000001,7724.76,7716.240000000001,7723.240000000001,2801
2026-08-07T11:30:00+00:00,7723.240000000001,7726.5,7718.240000000001,7718.51,2611
2026-08-07T12:00:00+00:00,7718.51,7728.490000000001,7717.240000000001,7726.530000000001,4663
2026-08-07T12:30:00+00:00,7726.530000000001,7748.75,7724.52,7744.75,17703
2026-08-07T13:00:00+00:00,7744.75,7745.76,7723.5,7726.26,8702
2026-08-07T13:30:00+00:00,7726.26,7740.3,7721.8,7728.06,40909
2026-08-07T14:00:00+00:00,7728.06,7750.31,7713.55,7749.3,37597
2026-08-07T14:30:00+00:00,7749.3,7750.81,7734.54,7746.31,29576
2026-08-07T15:00:00+00:00,7746.31,7756.56,7741.55,7754.05,13995
2026-08-07T15:30:00+00:00,7754.05,7756.56,7745.79,7747.81,10926
2026-08-07T16:00:00+00:00,7747.81,7751.06,7730.67,7734.56,13246
2026-08-07T16:30:00+00:00,7734.56,7746.06,7727.79,7737.05,13931
2026-08-07T17:00:00+00:00,7737.05,7741.31,7735.04,7738.3,7979
2026-08-07T17:30:00+00:00,7738.3,7742.06,7734.55,7738.81,6145
2026-08-07T18:00:00+00:00,7738.81,7740.06,7731.53,7731.78,6715
2026-08-07T18:30:00+00:00,7731.78,7734.05,7725.78,7734.03,5663
2026-08-07T19:00:00+00:00,7734.03,7751.79,7733.8,7748.04,9091
2026-08-07T19:30:00+00:00,7748.04,7755.05,7742.55,7748.29,12195
2026-08-07T20:00:00+00:00,7748.29,7750.5,7743.11,7743.37,3173
2026-08-07T20:30:00+00:00,7743.37,7747.12,7743.1,7746.21,365
2026-08-09T22:00:00+00:00,7746.21,7750.73,7734.61,7740.59,4324
2026-08-09T22:30:00+00:00,7740.59,7741.84,7737.84,7740.1,1537
2026-08-09T23:00:00+00:00,7740.1,7744.36,7738.6,7742.84,1432
2026-08-09T23:30:00+00:00,7742.84,7743.61,7738.09,7738.09,2268
2026-08-10T00:00:00+00:00,7738.09,7749.11,7736.61,7742.11,5444
2026-08-10T00:30:00+00:00,7742.11,7744.36,7740.09,7741.84,4201
2026-08-10T01:00:00+00:00,7741.84,7751.85,7740.85,7750.61,3809
2026-08-10T01:30:00+00:00,7750.61,7752.61,7747.34,7751.72,3085
2026-08-10T02:00:00+00:00,7751.72,7752.86,7748.6,7751.09,1938
2026-08-10T02:30:00+00:00,7751.09,7754.35,7749.84,7753.35,1249
2026-08-10T03:00:00+00:00,7753.35,7754.6,7751.85,7753.85,1287
2026-08-10T03:30:00+00:00,7753.85,7757.36,7753.34,7754.85,1482
2026-08-10T04:00:00+00:00,7754.85,7759.34,7753.35,7758.61,1429
2026-08-10T04:30:00+00:00,7758.61,7760.11,7754.72,7758.6,1432
2026-08-10T05:00:00+00:00,7758.6,7761.86,7758.34,7760.35,989
2026-08-10T05:30:00+00:00,7760.35,7762.35,7759.59,7761.84,1017
2026-08-10T06:00:00+00:00,7761.84,7764.1,7755.97,7756.61,1511
2026-08-10T06:30:00+00:00,7756.61,7759.36,7755.61,7758.35,1648
2026-08-10T07:00:00+00:00,7758.35,7763.61,7754.86,7763.6,3084
2026-08-10T07:30:00+00:00,7763.6,7767.61,7760.84,7763.36,2178
2026-08-10T08:00:00+00:00,7763.36,7765.11,7760.09,7762.1,3164
2026-08-10T08:30:00+00:00,7762.1,7764.36,7760.72,7763.1,1959
2026-08-10T09:00:00+00:00,7763.1,7764.36,7761.59,7763.6,1757
2026-08-10T09:30:00+00:00,7763.6,7764.61,7759.84,7760.36,1363
2026-08-10T10:00:00+00:00,7760.36,7762.11,7757.59,7761.34,1555
2026-08-10T10:30:00+00:00,7761.34,7761.61,7755.1,7756.61,1983
2026-08-10T11:00:00+00:00,7756.61,7757.61,7749.59,7756.85,3123
2026-08-10T11:30:00+00:00,7756.85,7758.61,7752.09,7753.59,3289
2026-08-10T12:00:00+00:00,7753.59,7757.09,7747.84,7750.09,3191
2026-08-10T12:30:00+00:00,7750.09,7750.36,7742.84,7744.86,3762
2026-08-10T13:00:00+00:00,7744.86,7748.86,7741.09,7743.96,4576
2026-08-10T13:30:00+00:00,7743.96,7754.41,7742.64,7751.89,28594
2026-08-10T14:00:00+00:00,7751.89,7762.41,7751.64,7761.4,10239
2026-08-10T14:30:00+00:00,7761.4,7768.27,7752.65,7752.91,10137
2026-08-10T15:00:00+00:00,7752.91,7759.91,7750.62,7755.39,10211
2026-08-10T15:30:00+00:00,7755.39,7761.91,7749.39,7761.14,7453
2026-08-10T16:00:00+00:00,7761.14,7762.41,7751.39,7751.65,5506
2026-08-10T16:30:00+00:00,7751.65,7752.66,7735.86,7747.4,12852
2026-08-10T17:00:00+00:00,7747.4,7750.91,7742.89,7748.89,4585
2026-08-10T17:30:00+00:00,7748.89,7750.41,7742.64,7745.15,4285
2026-08-10T18:00:00+00:00,7745.15,7748.66,7742.65,7742.89,3168
2026-08-10T18:30:00+00:00,7742.89,7750.91,7740.61,7749.91,3027
2026-08-10T19:00:00+00:00,7749.91,7752.66,7746.64,7747.14,3025
2026-08-10T19:30:00+00:00,7747.14,7750.66,7741.39,7749.41,7073
2026-08-10T20:00:00+00:00,7749.41,7749.41,7744.34,7747.35,2331
2026-08-10T20:30:00+00:00,7747.35,7749.61,7746.09,7748.34,618
2026-08-10T22:00:00+00:00,7748.34,7753.14,7745.37,7746.38,1203
2026-08-10T22:30:00+00:00,7746.38,7746.62,7743.37,7745.37,567.2377927028499
2026-08-10T23:00:00+00:00,7745.37,7745.89,7741.37,7741.88,678
2026-08-10T23:30:00+00:00,7741.88,7744.89,7738.64,7742.75,1596
2026-08-11T00:00:00+00:00,7742.75,7750.14,7739.87,7749.87,5643
2026-08-11T00:30:00+00:00,7749.87,7753.14,7748.87,7751.75,2052
2026-08-11T01:00:00+00:00,7751.75,7758.38,7749.87,7756.74,3085
2026-08-11T01:30:00+00:00,7756.74,7758.39,7755.13,7755.13,2672
2026-08-11T02:00:00+00:00,7755.13,7756.87,7754.62,7756.64,1671
2026-08-11T02:30:00+00:00,7756.64,7758.64,7755.87,7756.38,1095
2026-08-11T03:00:00+00:00,7756.38,7761.14,7756.37,7760.62,1014
2026-08-11T03:30:00+00:00,7760.62,7760.89,7758.37,7758.75,728
2026-08-11T04:00:00+00:00,7758.75,7760.14,7758.62,7760.13,850
2026-08-11T04:30:00+00:00,7760.13,7761.51,7758.87,7759.13,1018.015703517588
2026-08-11T05:00:00+00:00,7759.13,7760.88,7756.87,7756.99,970
2026-08-11T05:30:00+00:00,7756.99,7758.38,7752.62,7752.62,1817
2026-08-11T06:00:00+00:00,7752.62,7756.37,7746.87,7747.39,1942
2026-08-11T06:30:00+00:00,7747.39,7750.64,7742.62,7746.87,2915
2026-08-11T07:00:00+00:00,7746.87,7749.14,7742.62,7744.87,3939
2026-08-11T07:30:00+00:00,7744.87,7749.62,7744.87,7748.12,2573
2026-08-11T08:00:00+00:00,7748.12,7752.64,7741.88,7744.88,4031
2026-08-11T08:30:00+00:00,7744.88,7749.14,7743.12,7747.12,2702
2026-08-11T09:00:00+00:00,7747.12,7750.39,7743.37,7748.63,3021
2026-08-11T09:30:00+00:00,7748.63,7752.39,7748.51,7749.89,1891
2026-08-11T10:00:00+00:00,7749.89,7759.64,7747.25,7757.88,3487
2026-08-11T10:30:00+00:00,7757.88,7758.14,7754.37,7757.12,2035
2026-08-11T11:00:00+00:00,7757.12,7767.89,7756.87,7760.24,9132
2026-08-11T11:30:00+00:00,7760.24,7762.62,7757.87,7761.13,2292
2026-08-11T12:00:00+00:00,7761.13,7767.14,7757.12,7760.12,4074
2026-08-11T12:30:00+00:00,7760.12,7763.39,7758.37,7759.63,2131
2026-08-11T13:00:00+00:00,7759.63,7765.64,7758.37,7763.63,3298
2026-08-11T13:30:00+00:00,7763.63,7764.44,7743.92,7754.18,20859
2026-08-11T14:00:00+00:00,7754.18,7758.94,7751.42,7756.68,12252
2026-08-11T14:30:00+00:00,7756.68,7758.44,7750.17,7754.17,9341
2026-08-11T15:00:00+00:00,7754.17,7756.19,7739.67,7741.67,8978
2026-08-11T15:30:00+00:00,7741.67,7743.19,7734.92,7737.43,8444
2026-08-11T16:00:00+00:00,7737.43,7741.94,7731.18,7735.43,5592
2026-08-11T16:30:00+00:00,7735.43,7737.44,7727.67,7728.67,4513
2026-08-11T17:00:00+00:00,7728.67,7729.94,7719.68,7725.67,4778
2026-08-11T17:30:00+00:00,7725.67,7730.94,7724.42,7729.67,3429
2026-08-11T18:00:00+00:00,7729.67,7729.68,7710.15,7712.42,4895
2026-08-11T18:30:00+00:00,7712.42,7722.19,7712.42,7718.19,4040
2026-08-11T19:00:00+00:00,7718.19,7724.44,7715.67,7723.69,3221
2026-08-11T19:30:00+00:00,7723.69,7728.68,7715.42,7721.92,6497
2026-08-11T20:00:00+00:00,7721.92,7728.89,7718.87,7728.64,2219
2026-08-11T20:30:00+00:00,7728.64,7729.62,7724.62,7725.37,588
2026-08-11T22:00:00+00:00,7725.37,7730.02,7725.14,7728.14,1075
2026-08-11T22:30:00+00:00,7728.14,7729.15,7724.13,7726.65,924
2026-08-11T23:00:00+00:00,7726.65,7727.9,7725.63,7727.64,594
2026-08-11T23:30:00+00:00,7727.64,7729.65,7725.63,7729.13,1849
2026-08-12T00:00:00+00:00,7729.13,7729.15,7722.65,7726.39,6150
2026-08-12T00:30:00+00:00,7726.39,7727.65,7724.64,7726.14,2618
2026-08-12T01:00:00+00:00,7726.14,7727.65,7722.39,7724.63,3193
2026-08-12T01:30:00+00:00,7724.63,7726.52,7722.38,7723.38,2473
2026-08-12T02:00:00+00:00,7723.38,7726.65,7723.38,7726.65,2010
2026-08-12T02:30:00+00:00,7726.65,7729.38,7726.38,7729.15,1189
2026-08-12T03:00:00+00:00,7729.15,7730.39,7728.38,7729.63,606
2026-08-12T03:30:00+00:00,7729.63,7729.9,7727.63,7729.15,1920
2026-08-12T04:00:00+00:00,7729.15,7730.15,7728.13,7729.89,986
2026-08-12T04:30:00+00:00,7729.89,7731.65,7728.13,7731.15,830
2026-08-12T05:00:00+00:00,7731.15,7731.4,7726.65,7729.25,1320
2026-08-12T05:30:00+00:00,7729.25,7731.39,7729.13,7730.64,1642
2026-08-12T06:00:00+00:00,7730.64,7731.63,7727.88,7729.89,1411
2026-08-12T06:30:00+00:00,7729.89,7733.4,7729.38,7733.38,1133
2026-08-12T07:00:00+00:00,7733.38,7735.15,7731.13,7732.39,1688
2026-08-12T07:30:00+00:00,7732.39,7734.4,7730.9,7733.15,1194
2026-08-12T08:00:00+00:00,7733.15,7736.65,7732.76,7735.65,1985
2026-08-12T08:30:00+00:00,7735.65,7737.39,7731.88,7736.13,1105
2026-08-12T09:00:00+00:00,7736.13,7747.38,7735.89,7742,2576
2026-08-12T09:30:00+00:00,7742,7744.9,7738.63,7740.13,2616
2026-08-12T10:00:00+00:00,7740.13,7743.9,7740,7741.88,1194
2026-08-12T10:30:00+00:00,7741.88,7743.9,7733.01,7740.15,3423
2026-08-12T11:00:00+00:00,7740.15,7743.15,7738.38,7739.63,1896
2026-08-12T11:30:00+00:00,7739.63,7745.26,7739.13,7744.4,1699
2026-08-12T12:00:00+00:00,7744.4,7755.26,7741.89,7753.9,3707
2026-08-12T12:30:00+00:00,7753.9,7761.17,7734.38,7758.39,15199
2026-08-12T13:00:00+00:00,7758.39,7766.4,7756.88,7765.38,4932
2026-08-12T13:30:00+00:00,7765.38,7767.68,7739.43,7744.44,24711
2026-08-12T14:00:00+00:00,7744.44,7751.45,7737.19,7746.19,14451
2026-08-12T14:30:00+00:00,7746.19,7750.45,7732.15,7740.45,18173
2026-08-12T15:00:00+00:00,7740.45,7742.55,7735.55,7742.18,10226
2026-08-12T15:30:00+00:00,7742.18,7743.19,7733.93,7738.69,7175
2026-08-12T16:00:00+00:00,7738.69,7744.94,7738.18,7742.68,4138
2026-08-12T16:30:00+00:00,7742.68,7750.2,7739.93,7747.19,3868
2026-08-12T17:00:00+00:00,7747.19,7751.2,7744.18,7746.43,3155
2026-08-12T17:30:00+00:00,7746.43,7748.2,7744.68,7746.44,3254
2026-08-12T18:00:00+00:00,7746.44,7751.39,7745.870000000001,7749.13,2641.398240049115
2026-08-12T18:30:00+00:00,7749.13,7754.64,7748.38,7748.64,2562
2026-08-12T19:00:00+00:00,7748.64,7752.39,7746.370000000001,7748.38,2725
2026-08-12T19:30:00+00:00,7748.38,7748.64,7738.370000000001,7743.39,6446
2026-08-12T20:00:00+00:00,7743.39,7751.59,7740.820000000001,7741.830000000001,3431
2026-08-12T20:30:00+00:00,7741.830000000001,7742.59,7740.09,7740.330000000001,978
2026-08-12T22:00:00+00:00,7740.330000000001,7745.1900000000005,7740.330000000001,7744.3,1487
2026-08-12T22:30:00+00:00,7744.3,7744.67,7742.17,7744.1900000000005,714
2026-08-12T23:00:00+00:00,7744.1900000000005,7747.17,7743.9400000000005,7746.4400000000005,516
2026-08-12T23:30:00+00:00,7746.4400000000005,7746.9400000000005,7743.040000000001,7743.92,1749
2026-08-13T00:00:00+00:00,7743.92,7748.93,7742.92,7744.4400000000005,4027
2026-08-13T00:30:00+00:00,7744.4400000000005,7746.1900000000005,7743.17,7745.93,3173
2026-08-13T01:00:00+00:00,7745.93,7746.1900000000005,7740.18,7740.9400000000005,2779
2026-08-13T01:30:00+00:00,7740.9400000000005,7746.67,7740.67,7745.67,2166
2026-08-13T02:00:00+00:00,7745.67,7748.56,7745.4400000000005,7746.42,1244
2026-08-13T02:30:00+00:00,7746.42,7749.1900000000005,7743.67,7748.4400000000005,1596
2026-08-13T03:00:00+00:00,7748.4400000000005,7749.4400000000005,7747.67,7748.92,725
2026-08-13T03:30:00+00:00,7748.92,7750.9400000000005,7748.18,7750.42,911
2026-08-13T04:00:00+00:00,7750.42,7751.81,7747.43,7750.17,1357
2026-08-13T04:30:00+00:00,7750.17,7752.9400000000005,7749.93,7751.1900000000005,1406
2026-08-13T05:00:00+00:00,7751.1900000000005,7755.4400000000005,7750.92,7755.18,818
2026-08-13T05:30:00+00:00,7755.18,7755.9400000000005,7751.92,7751.92,1080
2026-08-13T06:00:00+00:00,7751.92,7755.1900000000005,7751.42,7753.93,1263
2026-08-13T06:30:00+00:00,7753.93,7754.4400000000005,7749.43,7753.42,1427
2026-08-13T07:00:00+00:00,7753.42,7754.42,7749.43,7753.18,2430
2026-08-13T07:30:00+00:00,7753.18,7755.43,7752.42,7753.42,1632
2026-08-13T08:00:00+00:00,7753.42,7757.68,7750.67,7757.1900000000005,2850
2026-08-13T08:30:00+00:00,7757.1900000000005,7758.4400000000005,7755.790000000001,7757.05,1839
2026-08-13T09:00:00+00:00,7757.05,7757.9400000000005,7753.42,7755.93,1674
2026-08-13T09:30:00+00:00,7755.93,7760.1900000000005,7755.93,7759.92,975
2026-08-13T10:00:00+00:00,7759.92,7760.1900000000005,7758.43,7759.17,1048
2026-08-13T10:30:00+00:00,7759.17,7760.9400000000005,7758.93,7760.42,851
2026-08-13T11:00:00+00:00,7760.42,7761.43,7758.3,7759.42,1186
2026-08-13T11:30:00+00:00,7759.42,7764.4400000000005,7758.9400000000005,7759.4400000000005,1253
2026-08-13T12:00:00+00:00,7759.4400000000005,7759.9400000000005,7754.1900000000005,7758.710000000001,2579
2026-08-13T12:30:00+00:00,7758.710000000001,7765.3,7753.92,7763.92,5129
2026-08-13T13:00:00+00:00,7763.92,7768.9400000000005,7763.68,7768.67,3088
2026-08-13T13:30:00+00:00,7768.67,7796.990000000001,7760.990000000001,7796.47,13022
2026-08-13T14:00:00+00:00,7796.47,7812.740000000001,7795.47,7811.9800000000005,8335
2026-08-13T14:30:00+00:00,7811.9800000000005,7813.990000000001,7793.72,7797.7300000000005,8587
2026-08-13T15:00:00+00:00,7797.7300000000005,7802.240000000001,7778.97,7781.490000000001,10334
2026-08-13T15:30:00+00:00,7781.490000000001,7783.4800000000005,7773.47,7774.4800000000005,10426
2026-08-13T16:00:00+00:00,7774.4800000000005,7784.9800000000005,7774.2300000000005,7784.9800000000005,5399
2026-08-13T16:30:00+00:00,7784.9800000000005,7787.7300000000005,7781.72,7786.9800000000005,3794
2026-08-13T17:00:00+00:00,7786.9800000000005,7794.72,7786.9800000000005,7790.9800000000005,3204
2026-08-13T17:30:00+00:00,7790.9800000000005,7792.240000000001,7785.990000000001,7787.47,3369
2026-08-13T18:00:00+00:00,7787.47,7791.740000000001,7786.72,7789.9800000000005,3276
2026-08-13T18:30:00+00:00,7789.9800000000005,7799.240000000001,7789.9800000000005,7797.47,2831
2026-08-13T19:00:00+00:00,7797.47,7804.240000000001,7797.22,7800.740000000001,3680
2026-08-13T19:30:00+00:00,7800.740000000001,7802.740000000001,7793.740000000001,7799.47,4867
2026-08-13T20:00:00+00:00,7799.47,7800.6900000000005,7794.17,7795.9400000000005,2886
2026-08-13T20:30:00+00:00,7795.9400000000005,7800.9400000000005,7795.92,7800.93,562
2026-08-13T22:00:00+00:00,7800.93,7803.4800000000005,7799.47,7800.84,1205
2026-08-13T22:30:00+00:00,7800.84,7801.4800000000005,7800.210000000001,7800.6,389.9919706354668
2026-08-13T23:00:00+00:00,7800.6,7804.09,7800.210000000001,7802.330000000001,691
2026-08-13T23:30:00+00:00,7802.330000000001,7803.4800000000005,7801.7300000000005,7802.2300000000005,1992
2026-08-14T00:00:00+00:00,7802.2300000000005,7805.2300000000005,7800.710000000001,7800.710000000001,4455
2026-08-14T00:30:00+00:00,7800.710000000001,7801.4800000000005,7799.710000000001,7800.7300000000005,1320
2026-08-14T01:00:00+00:00,7800.7300000000005,7800.7300000000005,7796.830000000001,7798.9800000000005,2416
2026-08-14T01:30:00+00:00,7798.9800000000005,7801.2300000000005,7798.460000000001,7799.9800000000005,1512
2026-08-14T02:00:00+00:00,7799.9800000000005,7802.9800000000005,7799.97,7802.7300000000005,1109
2026-08-14T02:30:00+00:00,7802.7300000000005,7803.4800000000005,7800.960000000001,7801.47,800
2026-08-14T03:00:00+00:00,7801.47,7804.2300000000005,7801.210000000001,7803.960000000001,549
2026-08-14T03:30:00+00:00,7803.960000000001,7804.2300000000005,7800.72,7800.9800000000005,884
2026-08-14T04:00:00+00:00,7800.9800000000005,7801.9800000000005,7800.59,7801.210000000001,962
2026-08-14T04:30:00+00:00,7801.210000000001,7801.4800000000005,7799.210000000001,7799.710000000001,874.2459157351677
2026-08-14T05:00:00+00:00,7799.710000000001,7800.4800000000005,7798.080000000001,7800.22,1111
2026-08-14T05:30:00+00:00,7800.22,7802.4800000000005,7799.22,7801.2300000000005,847.0859538784067
2026-08-14T06:00:00+00:00,7801.2300000000005,7801.4800000000005,7797.960000000001,7798.47,936
2026-08-14T06:30:00+00:00,7798.47,7798.97,7797.210000000001,7798.2300000000005,530.0745393634841
2026-08-14T07:00:00+00:00,7798.2300000000005,7799.4800000000005,7796.710000000001,7797.960000000001,1646
2026-08-14T07:30:00+00:00,7797.960000000001,7801.2300000000005,7797.710000000001,7799.97,985
2026-08-14T08:00:00+00:00,7799.97,7802.710000000001,7798.710000000001,7802.4800000000005,2640
2026-08-14T08:30:00+00:00,7802.4800000000005,7805.2300000000005,7802.210000000001,7802.97,1328
2026-08-14T09:00:00+00:00,7802.97,7804.2300000000005,7801.22,7802.710000000001,1007
2026-08-14T09:30:00+00:00,7802.710000000001,7804.22,7800.47,7804.210000000001,989.5967933491686
2026-08-14T10:00:00+00:00,7804.210000000001,7805.9800000000005,7802.960000000001,7803.460000000001,966
2026-08-14T10:30:00+00:00,7803.460000000001,7805.2300000000005,7802.210000000001,7805.2300000000005,886
2026-08-14T11:00:00+00:00,7805.2300000000005,7805.9800000000005,7802.97,7803.47,1051
2026-08-14T11:30:00+00:00,7803.47,7806.9800000000005,7803.460000000001,7805.960000000001,1070
2026-08-14T12:00:00+00:00,7805.960000000001,7806.4800000000005,7797.9800000000005,7804.72,2562
2026-08-14T12:30:00+00:00,7804.72,7807.9800000000005,7804.460000000001,7806.830000000001,2681
2026-08-14T13:00:00+00:00,7806.830000000001,7806.9800000000005,7802.500000000001,7803.9800000000005,2818
2026-08-14T13:30:00+00:00,7803.9800000000005,7805.030000000001,7796.26,7802.27,14188
2026-08-14T14:00:00+00:00,7802.27,7807.27,7790.52,7793.27,12069
2026-08-14T14:30:00+00:00,7793.27,7794.02,7786.27,7786.27,8306
2026-08-14T15:00:00+00:00,7786.27,7790.27,7777.76,7781.780000000001,7569
2026-08-14T15:30:00+00:00,7781.780000000001,7783.51,7776.780000000001,7781.01,6399
2026-08-14T16:00:00+00:00,7781.01,7786.77,7779.63,7785.530000000001,3964
2026-08-14T16:30:00+00:00,7785.530000000001,7786.030000000001,7775.26,7775.780000000001,4095
2026-08-14T17:00:00+00:00,7775.780000000001,7780.280000000001,7775.01,7776.530000000001,3920
2026-08-14T17:30:00+00:00,7776.530000000001,7778.530000000001,7773.26,7777.26,2959
2026-08-14T18:00:00+00:00,7777.26,7782.530000000001,7776.27,7778.530000000001,2689
2026-08-14T18:30:00+00:00,7778.530000000001,7784.030000000001,7777.51,7781.02,2620
2026-08-14T19:00:00+00:00,7781.02,7782.52,7778.01,7780.780000000001,2576
2026-08-14T19:30:00+00:00,7780.780000000001,7783.030000000001,7778.26,7782.02,4743
2026-08-14T20:00:00+00:00,7782.02,7782.2300000000005,7776.52,7777.27,1442
2026-08-14T20:30:00+00:00,7777.27,7779.79,7776.78,7779.28,212
2026-08-16T22:00:00+00:00,7779.28,7789.6,7779.28,7788.6,1704
2026-08-16T22:30:00+00:00,7788.6,7789.6,7787.34,7789.09,432.3436464088398
2026-08-16T23:00:00+00:00,7789.09,7789.09,7787.6,7788.33,312.8273093161375
2026-08-16T23:30:00+00:00,7788.33,7791.85,7787.6,7791.1,661
2026-08-17T00:00:00+00:00,7791.1,7792.59,7787.1,7788.09,2119
2026-08-17T00:30:00+00:00,7788.09,7789.59,7786.83,7789.59,856
2026-08-17T01:00:00+00:00,7789.59,7792.1,7789.08,7791.85,1427
2026-08-17T01:30:00+00:00,7791.85,7791.96,7785.83,7786.33,1428
2026-08-17T02:00:00+00:00,7786.33,7788.83,7785.08,7788.09,763
2026-08-17T02:30:00+00:00,7788.09,7788.6,7787.08,7787.33,724
2026-08-17T03:00:00+00:00,7787.33,7788.85,7786.84,7788.85,488.3069036226931
2026-08-17T03:30:00+00:00,7788.85,7791.35,7787.85,7791.35,718
2026-08-17T04:00:00+00:00,7791.35,7792.1,7791.08,7791.09,592
2026-08-17T04:30:00+00:00,7791.09,7792.1,7790.33,7791.1,488
2026-08-17T05:00:00+00:00,7791.1,7792.6,7790.83,7792.35,670
2026-08-17T05:30:00+00:00,7792.35,7796.1,7792.35,7796.09,799
2026-08-17T06:00:00+00:00,7796.09,7797.85,7795.33,7797.34,839
2026-08-17T06:30:00+00:00,7797.34,7798.85,7796.58,7798.6,643
2026-08-17T07:00:00+00:00,7798.6,7799.85,7792.09,7795.84,2026
2026-08-17T07:30:00+00:00,7795.84,7798.84,7794.58,7797.83,1539
2026-08-17T08:00:00+00:00,7797.83,7798.1,7793.58,7795.1,2028
2026-08-17T08:30:00+00:00,7795.1,7795.6,7792.34,7794.84,1175
2026-08-17T09:00:00+00:00,7794.84,7796.6,7793.83,7794.09,1184
2026-08-17T09:30:00+00:00,7794.09,7795.7,7792.83,7793.58,1132
2026-08-17T10:00:00+00:00,7793.58,7803.35,7791.58,7802.7,2135
2026-08-17T10:30:00+00:00,7802.7,7803.08,7793.95,7795.09,3996
2026-08-17T11:00:00+00:00,7795.09,7797.1,7792.08,7794.09,1686
2026-08-17T11:30:00+00:00,7794.09,7795.85,7791.85,7792.09,1426
2026-08-17T12:00:00+00:00,7792.09,7793.47,7784.58,7786.71,3818
2026-08-17T12:30:00+00:00,7786.71,7788.6,7780.09,7782.33,3582
2026-08-17T13:00:00+00:00,7782.33,7786.6,7781.6,7781.6,2487
2026-08-17T13:30:00+00:00,7781.6,7788.15,7771.89,7773.15,16588
2026-08-17T14:00:00+00:00,7773.15,7777.64,7770.38,7774.38,10035
2026-08-17T14:30:00+00:00,7774.38,7775.9,7768.88,7772.65,5377
2026-08-17T15:00:00+00:00,7772.65,7778.65,7771.39,7777.4,4708
2026-08-17T15:30:00+00:00,7777.4,7778.15,7767.27,7772.9,4676
2026-08-17T16:00:00+00:00,7772.9,7776.15,7770.63,7772.88,3171
2026-08-17T16:30:00+00:00,7772.88,7774.01,7766.13,7766.65,2925
2026-08-17T17:00:00+00:00,7766.65,7767.65,7754.63,7755.65,5934
2026-08-17T17:30:00+00:00,7755.65,7758.39,7750.88,7753.88,5398
2026-08-17T18:00:00+00:00,7753.88,7757.65,7752.38,7755.4,5398
2026-08-17T18:30:00+00:00,7755.4,7757.65,7752.13,7754.9,3232
2026-08-17T19:00:00+00:00,7754.9,7755.4,7750.88,7750.9,3092
2026-08-17T19:30:00+00:00,7750.9,7752.9,7745.13,7747.38,7918
2026-08-17T20:00:00+00:00,7747.38,7748.09,7743.58,7744.35,2035
2026-08-17T20:30:00+00:00,7744.35,7745.08,7742.22,7744.2,1160
2026-08-17T22:00:00+00:00,7744.2,7748.07,7742.18,7744.68,1765
2026-08-17T22:30:00+00:00,7744.68,7745.69,7743.69,7744.95,697
2026-08-17T23:00:00+00:00,7744.95,7745.45,7742.94,7744.95,534.8134228187919
2026-08-17T23:30:00+00:00,7744.95,7747.95,7744.19,7747.7,1415
2026-08-18T00:00:00+00:00,7747.7,7749.95,7746.45,7747.2,2511
2026-08-18T00:30:00+00:00,7747.2,7748.7,7745.93,7746.43,1050
2026-08-18T01:00:00+00:00,7746.43,7747.7,7744.93,7745.45,1244
2026-08-18T01:30:00+00:00,7745.45,7746.45,7734.93,7740.94,3418
2026-08-18T02:00:00+00:00,7740.94,7741.45,7727.95,7728.95,3860
2026-08-18T02:30:00+00:00,7728.95,7732.7,7724.19,7728.7,3685
2026-08-18T03:00:00+00:00,7728.7,7729.2,7721.93,7723.95,2040
2026-08-18T03:30:00+00:00,7723.95,7725.95,7720.68,7723.18,2766
2026-08-18T04:00:00+00:00,7723.18,7723.95,7719.44,7723.45,2446
2026-08-18T04:30:00+00:00,7723.45,7724.43,7720.68,7722.94,1686
2026-08-18T05:00:00+00:00,7722.94,7723.19,7716.69,7717.69,1837
2026-08-18T05:30:00+00:00,7717.69,7718.19,7713.93,7714.68,1931
2026-08-18T06:00:00+00:00,7714.68,7717.7,7706.7,7715.69,4704
2026-08-18T06:30:00+00:00,7715.69,7721.69,7713.95,7721.45,2352
2026-08-18T07:00:00+00:00,7721.45,7721.69,7714.95,7715.19,3729
2026-08-18T07:30:00+00:00,7715.19,7715.95,7705.68,7705.93,3536
2026-08-18T08:00:00+00:00,7705.93,7707.93,7698.95,7705.68,9058
2026-08-18T08:30:00+00:00,7705.68,7711.45,7704.93,7709.45,3983
2026-08-18T09:00:00+00:00,7709.45,7710.95,7703.2,7705.94,4831
2026-08-18T09:30:00+00:00,7705.94,7710.19,7702.18,7709.19,4519
2026-08-18T10:00:00+00:00,7709.19,7711.69,7707.93,7710.44,3336
2026-08-18T10:30:00+00:00,7710.44,7713.95,7708.94,7711.18,2163
2026-08-18T11:00:00+00:00,7711.18,7716.2,7710.43,7714.93,3160
2026-08-18T11:30:00+00:00,7714.93,7717.95,7711.68,7714.43,3327
2026-08-18T12:00:00+00:00,7714.43,7718.57,7711.93,7712.43,3967
2026-08-18T12:30:00+00:00,7712.43,7715.32,7708.43,7715.19,3536
2026-08-18T13:00:00+00:00,7715.19,7715.8,7703.94,7705.69,3770
2026-08-18T13:30:00+00:00,7705.69,7714.75,7698.87,7704.49,33173
2026-08-18T14:00:00+00:00,7704.49,7712.24,7696.24,7706.12,22214
2026-08-18T14:30:00+00:00,7706.12,7712,7697,7698.98,14575
2026-08-18T15:00:00+00:00,7698.98,7703.75,7692.99,7697.99,11748
2026-08-18T15:30:00+00:00,7697.99,7705.98,7695.73,7702.73,8315
2026-08-18T16:00:00+00:00,7702.73,7708.24,7701,7701.49,6151
2026-08-18T16:30:00+00:00,7701.49,7708,7700.24,7705.49,5301
2026-08-18T17:00:00+00:00,7705.49,7707.49,7700.48,7702.24,4115
2026-08-18T17:30:00+00:00,7702.24,7703.5,7695.49,7695.49,3342
2026-08-18T18:00:00+00:00,7695.49,7705.25,7693.98,7703.25,4101
2026-08-18T18:30:00+00:00,7703.25,7704,7696.24,7696.75,3041
2026-08-18T19:00:00+00:00,7696.75,7701.75,7695.23,7700.24,3359
2026-08-18T19:30:00+00:00,7700.24,7702.25,7689.98,7694.75,6706
2026-08-18T20:00:00+00:00,7694.75,7695.45,7691.93,7693.93,1745
2026-08-18T20:30:00+00:00,7693.93,7695.44,7690.94,7693.05,921
2026-08-18T22:00:00+00:00,7693.05,7698.45,7692.45,7692.45,1800
2026-08-18T22:30:00+00:00,7692.45,7693.45,7688.57,7688.69,1324
2026-08-18T23:00:00+00:00,7688.69,7695.44,7687.95,7692.43,1137
2026-08-18T23:30:00+00:00,7692.43,7695.19,7691.68,7691.7,2317
2026-08-19T00:00:00+00:00,7691.7,7691.94,7683.3,7691.93,5424
2026-08-19T00:30:00+00:00,7691.93,7696.7,7691.68,7691.93,2928
2026-08-19T01:00:00+00:00,7691.93,7697.94,7690.44,7696.94,3577
2026-08-19T01:30:00+00:00,7696.94,7696.94,7690.81,7692.45,2907
2026-08-19T02:00:00+00:00,7692.45,7693.18,7687.18,7690.45,2863
2026-08-19T02:30:00+00:00,7690.45,7691.7,7687.43,7690.43,2219
2026-08-19T03:00:00+00:00,7690.43,7691.7,7688.18,7689.7,1624
2026-08-19T03:30:00+00:00,7689.7,7692.95,7686.93,7687.69,1931
2026-08-19T04:00:00+00:00,7687.69,7689.95,7685.69,7688.68,1727
2026-08-19T04:30:00+00:00,7688.68,7689.68,7680.44,7685.19,2010
2026-08-19T05:00:00+00:00,7685.19,7689.2,7680.44,7685.31,3219
2026-08-19T05:30:00+00:00,7685.31,7685.7,7679.43,7680.7,2509
2026-08-19T06:00:00+00:00,7680.7,7689.45,7679.2,7686.8,3444
2026-08-19T06:30:00+00:00,7686.8,7695.95,7684.93,7695.68,3546
2026-08-19T07:00:00+00:00,7695.68,7696.7,7690.55,7696.68,4067
2026-08-19T07:30:00+00:00,7696.68,7699.95,7694.68,7699.44,2727
2026-08-19T08:00:00+00:00,7699.44,7702.95,7697.93,7702.7,4112
2026-08-19T08:30:00+00:00,7702.7,7702.7,7698.68,7699.2,1938
2026-08-19T09:00:00+00:00,7699.2,7701.95,7695.18,7695.44,2092
2026-08-19T09:30:00+00:00,7695.44,7697.45,7692.69,7694.69,2144
2026-08-19T10:00:00+00:00,7694.69,7695.45,7690.7,7694.19,2372
2026-08-19T10:30:00+00:00,7694.19,7697.44,7693.18,7694.44,1571
2026-08-19T11:00:00+00:00,7694.44,7700.45,7694.18,7698.44,2933
2026-08-19T11:30:00+00:00,7698.44,7698.95,7694.43,7698.95,2408
2026-08-19T12:00:00+00:00,7698.95,7701.44,7695.94,7698.2,3328
2026-08-19T12:30:00+00:00,7698.2,7739.18,7695.93,7729.31,15379
2026-08-19T13:00:00+00:00,7729.31,7731.7,7721.43,7724.7,7542
2026-08-19T13:30:00+00:00,7724.7,7727,7702.24,7720.73,36828
2026-08-19T14:00:00+00:00,7720.73,7723.25,7708.23,7720.49,30303
2026-08-19T14:30:00+00:00,7720.49,7743.25,7718.98,7743,14746
2026-08-19T15:00:00+00:00,7743,7745.75,7729.49,7731.74,10124
2026-08-19T15:30:00+00:00,7731.74,7732.25,7721,7726.74,10308
2026-08-19T16:00:00+00:00,7726.74,7740.49,7724.48,7727.24,7928
2026-08-19T16:30:00+00:00,7727.24,7728,7715.48,7717.25,6970
2026-08-19T17:00:00+00:00,7717.25,7722.48,7710.73,7715.98,8362
2026-08-19T17:30:00+00:00,7715.98,7719.24,7711.98,7715.74,6221
2026-08-19T18:00:00+00:00,7715.74,7725.73,7710.24,7716.25,11829
2026-08-19T18:30:00+00:00,7716.25,7721.49,7715.48,7715.74,6589
2026-08-19T19:00:00+00:00,7715.74,7720.75,7714.75,7716.99,5698
2026-08-19T19:30:00+00:00,7716.99,7724.49,7703,7712.74,12324
2026-08-19T20:00:00+00:00,7712.74,7713.95,7707.31,7710.43,2597
2026-08-19T20:30:00+00:00,7710.43,7712.45,7708.7,7711.79,732
2026-08-19T22:00:00+00:00,7711.79,7725.29,7711.79,7721.03,2835
2026-08-19T22:30:00+00:00,7721.03,7724.55,7720.05,7724.3,1083
2026-08-19T23:00:00+00:00,7724.3,7728.03,7722.29,7723.79,1697
2026-08-19T23:30:00+00:00,7723.79,7725.8,7722.03,7722.28,1589
2026-08-20T00:00:00+00:00,7722.28,7724.8,7716.28,7721.04,5497
2026-08-20T00:30:00+00:00,7721.04,7724.8,7719.53,7724.42,2762
2026-08-20T01:00:00+00:00,7724.42,7726.3,7720.28,7721.79,3798
2026-08-20T01:30:00+00:00,7721.79,7724.55,7719.16,7720.78,3647
2026-08-20T02:00:00+00:00,7720.78,7725.3,7717.79,7718.91,2885
2026-08-20T02:30:00+00:00,7718.91,7722.8,7717.03,7719.8,2525
2026-08-20T03:00:00+00:00,7719.8,7724.04,7718.3,7721.78,1941
2026-08-20T03:30:00+00:00,7721.78,7722.8,7718.79,7721.55,2106
2026-08-20T04:00:00+00:00,7721.55,7724.8,7720.79,7723.29,1077
2026-08-20T04:30:00+00:00,7723.29,7724.03,7720.03,7721.55,1485
2026-08-20T05:00:00+00:00,7721.55,7722.8,7717.04,7719.79,1772
2026-08-20T05:30:00+00:00,7719.79,7721.78,7716.29,7717.04,1857
2026-08-20T06:00:00+00:00,7717.04,7725.54,7717.04,7723.04,2309
2026-08-20T06:30:00+00:00,7723.04,7727.3,7722.29,7724.53,1922
2026-08-20T07:00:00+00:00,7724.53,7724.54,7713.28,7715.03,4624
2026-08-20T07:30:00+00:00,7715.03,7718.04,7712.04,7712.29,4021
2026-08-20T08:00:00+00:00,7712.29,7715.8,7704.03,7705.05,7435
2026-08-20T08:30:00+00:00,7705.05,7706.78,7697.78,7700.78,6776
2026-08-20T09:00:00+00:00,7700.78,7709.15,7699.78,7706.53,5225
2026-08-20T09:30:00+00:00,7706.53,7709.03,7704.03,7706.04,3708
2026-08-20T10:00:00+00:00,7706.04,7710.8,7704.03,7709.53,4166
2026-08-20T10:30:00+00:00,7709.53,7712.8,7706.29,7712.79,3456
2026-08-20T11:00:00+00:00,7712.79,7715.55,7696.54,7697.05,8000
2026-08-20T11:30:00+00:00,7697.05,7701.42,7685.53,7686.55,9440
2026-08-20T12:00:00+00:00,7686.55,7686.8,7667.04,7669.15,14779
2026-08-20T12:30:00+00:00,7669.15,7679.54,7662.65,7679.05,8635
2026-08-20T13:00:00+00:00,7679.05,7684.04,7674.79,7680.55,7066
2026-08-20T13:30:00+00:00,7680.55,7698.35,7679.58,7686.08,37013
2026-08-20T14:00:00+00:00,7686.08,7690.09,7674.09,7682.59,34030
2026-08-20T14:30:00+00:00,7682.59,7695.35,7679.83,7692.09,22507
2026-08-20T15:00:00+00:00,7692.09,7702.1,7680.34,7687.83,24636
2026-08-20T15:30:00+00:00,7687.83,7689.1,7672.59,7678.59,15528
2026-08-20T16:00:00+00:00,7678.59,7681.1,7674.83,7677.83,9548
2026-08-20T16:30:00+00:00,7677.83,7686.85,7674.08,7684.33,8505
2026-08-20T17:00:00+00:00,7684.33,7684.58,7667.58,7667.85,7897
2026-08-20T17:30:00+00:00,7667.85,7670.35,7662.58,7665.85,5957
2026-08-20T18:00:00+00:00,7665.85,7665.85,7651.59,7656.1,8624
2026-08-20T18:30:00+00:00,7656.1,7658.85,7652.58,7652.83,5112
2026-08-20T19:00:00+00:00,7652.83,7658.59,7652.33,7655.58,5400
2026-08-20T19:30:00+00:00,7655.58,7657.1,7641.35,7647.09,10653
2026-08-20T20:00:00+00:00,7647.09,7649.55,7640.03,7645.03,2703
2026-08-20T20:30:00+00:00,7645.03,7650.54,7644.28,7650.14,811
2026-08-20T22:00:00+00:00,7650.14,7655.14,7647.12,7649.39,2099
2026-08-20T22:30:00+00:00,7649.39,7653.37,7647.88,7653.12,726
2026-08-20T23:00:00+00:00,7653.12,7653.13,7651.14,7651.62,624
2026-08-20T23:30:00+00:00,7651.62,7652.39,7647.88,7649.99,2540
2026-08-21T00:00:00+00:00,7649.99,7656.64,7649.26,7650.88,5984
2026-08-21T00:30:00+00:00,7650.88,7653.49,7648.13,7648.39,4133
2026-08-21T01:00:00+00:00,7648.39,7651.64,7645.12,7649.38,5247
2026-08-21T01:30:00+00:00,7649.38,7652.89,7647.12,7650.88,3248
2026-08-21T02:00:00+00:00,7650.88,7656.63,7650.37,7655.51,1963
2026-08-21T02:30:00+00:00,7655.51,7656.39,7653.64,7654.64,1725
2026-08-21T03:00:00+00:00,7654.64,7655.39,7650.62,7652.14,1630
2026-08-21T03:30:00+00:00,7652.14,7654.64,7650.37,7651.89,2161
2026-08-21T04:00:00+00:00,7651.89,7653.64,7649.62,7649.64,1873
2026-08-21T04:30:00+00:00,7649.64,7653.39,7648.12,7652.62,1597
2026-08-21T05:00:00+00:00,7652.62,7654.87,7650.87,7651.13,1329.7286639199529
2026-08-21T05:30:00+00:00,7651.13,7654.14,7649.62,7652.14,1847
2026-08-21T06:00:00+00:00,7652.14,7654.24,7650.87,7653.87,1841
2026-08-21T06:30:00+00:00,7653.87,7658.89,7652.87,7657.38,1948
2026-08-21T07:00:00+00:00,7657.38,7662.88,7654.87,7660.39,3188
2026-08-21T07:30:00+00:00,7660.39,7665.89,7659.88,7665.64,2398
2026-08-21T08:00:00+00:00,7665.64,7667.89,7661.63,7667.37,4266
2026-08-21T08:30:00+00:00,7667.37,7672.63,7666.88,7671.25,2628
2026-08-21T09:00:00+00:00,7671.25,7671.64,7665.87,7668.89,2640
2026-08-21T09:30:00+00:00,7668.89,7672.64,7668.14,7671.62,1937
2026-08-21T10:00:00+00:00,7671.62,7675.89,7669.37,7672.49,2408
2026-08-21T10:30:00+00:00,7672.49,7672.76,7670.14,7672.13,1392
2026-08-21T11:00:00+00:00,7672.13,7681.89,7668.62,7680.37,4448
2026-08-21T11:30:00+00:00,7680.37,7683.14,7677.62,7678.88,4469
2026-08-21T12:00:00+00:00,7678.88,7684.64,7676.63,7684.64,2425
2026-08-21T12:30:00+00:00,7684.64,7688.14,7681.87,7684.64,2652
2026-08-21T13:00:00+00:00,7684.64,7686.14,7669.12,7679.39,5668
2026-08-21T13:30:00+00:00,7679.39,7679.39,7660.67,7664.42,26036
2026-08-21T14:00:00+00:00,7664.42,7674.54,7663.92,7665.44,20048
2026-08-21T14:30:00+00:00,7665.44,7677.67,7661.18,7677.42,14515
2026-08-21T15:00:00+00:00,7677.42,7683.19,7673.42,7678.43,9927
2026-08-21T15:30:00+00:00,7678.43,7697.67,7677.18,7691.19,8117
2026-08-21T16:00:00+00:00,7691.19,7692.3,7677.67,7684.17,9657
2026-08-21T16:30:00+00:00,7684.17,7684.68,7676.93,7682.92,5179
2026-08-21T17:00:00+00:00,7682.92,7684.43,7676.17,7677.44,5213
2026-08-21T17:30:00+00:00,7677.44,7678.19,7673.44,7673.44,4072
2026-08-21T18:00:00+00:00,7673.44,7676.44,7671.67,7671.93,3659
2026-08-21T18:30:00+00:00,7671.93,7681.44,7669.69,7680.92,3439
2026-08-21T19:00:00+00:00,7680.92,7682.69,7677.42,7679.43,3649
2026-08-21T19:30:00+00:00,7679.43,7686.67,7672.92,7675.44,7136
2026-08-21T20:00:00+00:00,7675.44,7675.64,7671.37,7671.38,1712
2026-08-21T20:30:00+00:00,7671.38,7673.62,7671.37,7673.37,254
2026-08-23T22:00:00+00:00,7673.37,7680.24,7667.23,7669.49,3900
2026-08-23T22:30:00+00:00,7669.49,7676.24,7668.75,7675.24,1250
2026-08-23T23:00:00+00:00,7675.24,7680.5,7674.73,7680.5,630
2026-08-23T23:30:00+00:00,7680.5,7688,7680.23,7687.74,2638
2026-08-24T00:00:00+00:00,7687.74,7688.98,7670.75,7674.73,9376
2026-08-24T00:30:00+00:00,7674.73,7683.5,7672.48,7683,5902
2026-08-24T01:00:00+00:00,7683,7688,7681.74,7682.99,5415
2026-08-24T01:30:00+00:00,7682.99,7685,7675.87,7675.99,5396
2026-08-24T02:00:00+00:00,7675.99,7682,7672.74,7680.48,6042
2026-08-24T02:30:00+00:00,7680.48,7683,7678.5,7682.25,3993
2026-08-24T03:00:00+00:00,7682.25,7682.25,7673.75,7674.5,2814
2026-08-24T03:30:00+00:00,7674.5,7674.5,7667.98,7668.49,3365
2026-08-24T04:00:00+00:00,7668.49,7670.5,7666.23,7668.99,3008
2026-08-24T04:30:00+00:00,7668.99,7670,7665.23,7665.36,3878
2026-08-24T05:00:00+00:00,7665.36,7671,7665.25,7666,3595
2026-08-24T05:30:00+00:00,7666,7667.5,7660.75,7662.1,4419
2026-08-24T06:00:00+00:00,7662.1,7664.23,7654.48,7658.75,5568
2026-08-24T06:30:00+00:00,7658.75,7661.24,7656.48,7658.98,3158
2026-08-24T07:00:00+00:00,7658.98,7664.73,7657.5,7660.74,5860
2026-08-24T07:30:00+00:00,7660.74,7665,7656.23,7656.48,4825
2026-08-24T08:00:00+00:00,7656.48,7666,7654.23,7662.75,9177
2026-08-24T08:30:00+00:00,7662.75,7669.49,7662.11,7666.24,4001
2026-08-24T09:00:00+00:00,7666.24,7669.98,7663.49,7664.11,2683
2026-08-24T09:30:00+00:00,7664.11,7668.25,7663.98,7666,2103
2026-08-24T10:00:00+00:00,7666,7667.5,7661.23,7661.75,2350
2026-08-24T10:30:00+00:00,7661.75,7665.74,7655.48,7655.98,2595
2026-08-24T11:00:00+00:00,7655.98,7657.49,7650.11,7655.75,4048
2026-08-24T11:30:00+00:00,7655.75,7671.75,7655.75,7665.5,10457
2026-08-24T12:00:00+00:00,7665.5,7666.75,7661.48,7666.5,4007
2026-08-24T12:30:00+00:00,7666.5,7667.61,7655.85,7663.49,6937
2026-08-24T13:00:00+00:00,7663.49,7667.48,7661.61,7667.24,5435
2026-08-24T13:30:00+00:00,7667.24,7667.8,7640.79,7654.29,40372
2026-08-24T14:00:00+00:00,7654.29,7659.54,7645.28,7648.79,22637
2026-08-24T14:30:00+00:00,7648.79,7661.05,7647.53,7656.28,13589
2026-08-24T15:00:00+00:00,7656.28,7659.78,7643.53,7657.04,12917
2026-08-24T15:30:00+00:00,7657.04,7667.03,7653.8,7665.03,10695
2026-08-24T16:00:00+00:00,7665.03,7672.03,7664.16,7668.78,8140
2026-08-24T16:30:00+00:00,7668.78,7669.79,7661.03,7661.78,4669
2026-08-24T17:00:00+00:00,7661.78,7667.54,7653.03,7653.79,8807
2026-08-24T17:30:00+00:00,7653.79,7655.3,7650.28,7652.54,5845
2026-08-24T18:00:00+00:00,7652.54,7668.29,7652.53,7667.79,6635
2026-08-24T18:30:00+00:00,7667.79,7670.8,7659.78,7660.05,4732
2026-08-24T19:00:00+00:00,7660.05,7662.3,7658.28,7659.78,3793
2026-08-24T19:30:00+00:00,7659.78,7662.55,7654.03,7655.3,7510
2026-08-24T20:00:00+00:00,7655.3,7658.75,7652.23,7652.49,2056
2026-08-24T20:30:00+00:00,7652.49,7660.49,7652.23,7659.85,821
2026-08-24T22:00:00+00:00,7659.85,7665.25,7659.85,7662.11,1391
2026-08-24T22:30:00+00:00,7662.11,7662.61,7661.12,7662.26,471
2026-08-24T23:00:00+00:00,7662.26,7663.51,7660.26,7660.49,505
2026-08-24T23:30:00+00:00,7660.49,7660.49,7655.75,7658.49,2377
2026-08-25T00:00:00+00:00,7658.49,7659,7648.24,7656,6296
2026-08-25T00:30:00+00:00,7656,7663.51,7655.25,7661.51,4833
2026-08-25T01:00:00+00:00,7661.51,7663.26,7658.49,7660.25,4257
2026-08-25T01:30:00+00:00,7660.25,7664.76,7659.74,7661,4222
2026-08-25T02:00:00+00:00,7661,7663.01,7656,7659.76,3358
2026-08-25T02:30:00+00:00,7659.76,7663.26,7654.5,7655.88,3543
2026-08-25T03:00:00+00:00,7655.88,7665.51,7655.74,7665.26,3324
2026-08-25T03:30:00+00:00,7665.26,7666.51,7661.37,7662.99,1980
2026-08-25T04:00:00+00:00,7662.99,7666.26,7662.49,7665.75,1774
2026-08-25T04:30:00+00:00,7665.75,7667.26,7663.24,7664.75,2118
2026-08-25T05:00:00+00:00,7664.75,7667.76,7663.99,7666.74,2290
2026-08-25T05:30:00+00:00,7666.74,7669.01,7664.99,7668.01,2379
2026-08-25T06:00:00+00:00,7668.01,7674.75,7667.75,7673.11,2618
2026-08-25T06:30:00+00:00,7673.11,7677.51,7671.49,7677.49,2226
2026-08-25T07:00:00+00:00,7677.49,7680.26,7670.24,7672.74,3800
2026-08-25T07:30:00+00:00,7672.74,7674.38,7669.49,7670.49,2939
2026-08-25T08:00:00+00:00,7670.49,7687.61,7668.49,7679.26,9667
2026-08-25T08:30:00+00:00,7679.26,7685.24,7676.99,7684.75,4978
2026-08-25T09:00:00+00:00,7684.75,7688.61,7682.49,7687,3874
2026-08-25T09:30:00+00:00,7687,7701.49,7686.74,7697.26,7561
2026-08-25T10:00:00+00:00,7697.26,7698.01,7691.11,7691.51,3071
2026-08-25T10:30:00+00:00,7691.51,7692.26,7687.74,7689.99,1935
2026-08-25T11:00:00+00:00,7689.99,7690.25,7681.36,7686.75,3621
2026-08-25T11:30:00+00:00,7686.75,7694.51,7686.49,7692.76,2747
2026-08-25T12:00:00+00:00,7692.76,7694.77,7688.26,7692.26,3620
2026-08-25T12:30:00+00:00,7692.26,7692.27,7681.75,7684.75,2894
2026-08-25T13:00:00+00:00,7684.75,7687.27,7681.77,7681.77,4972
2026-08-25T13:30:00+00:00,7681.77,7688.06,7675.06,7676.81,25265
2026-08-25T14:00:00+00:00,7676.81,7678.070000000001,7667.05,7667.070000000001,16641
2026-08-25T14:30:00+00:00,7667.070000000001,7670.570000000001,7650.780000000001,7667.070000000001,15985
2026-08-25T15:00:00+00:00,7667.070000000001,7673.820000000001,7663.070000000001,7673.06,10103
2026-08-25T15:30:00+00:00,7673.06,7677.56,7666.05,7674.55,9332
2026-08-25T16:00:00+00:00,7674.55,7678.320000000001,7673.3,7677.56,4621
2026-08-25T16:30:00+00:00,7677.56,7679.570000000001,7673.320000000001,7677.6900000000005,4134
2026-08-25T17:00:00+00:00,7677.6900000000005,7678.56,7666.3,7668.070000000001,5539
2026-08-25T17:30:00+00:00,7668.070000000001,7671.570000000001,7667.320000000001,7670.3,3352
2026-08-25T18:00:00+00:00,7670.3,7670.570000000001,7667.06,7669.570000000001,2681
2026-08-25T18:30:00+00:00,7669.570000000001,7679.17,7669.570000000001,7676.8,3513
2026-08-25T19:00:00+00:00,7676.8,7678.8,7669.29,7671.81,3326
2026-08-25T19:30:00+00:00,7671.81,7682.17,7670.54,7678.56,7574
2026-08-25T20:00:00+00:00,7678.56,7683.26,7676.49,7681.74,1797
2026-08-25T20:30:00+00:00,7681.74,7682.76,7677.24,7678.35,617
2026-08-25T22:00:00+00:00,7678.35,7681.73,7678.35,7680.97,1102
2026-08-25T22:30:00+00:00,7680.97,7681.47,7679.96,7680.22,377
2026-08-25T23:00:00+00:00,7680.22,7680.73,7676.21,7676.22,431
2026-08-25T23:30:00+00:00,7676.22,7676.72,7669.22,7670.46,1324
2026-08-26T00:00:00+00:00,7670.46,7674.46,7667.73,7669.23,5362
2026-08-26T00:30:00+00:00,7669.23,7669.72,7662.22,7662.73,3219
2026-08-26T01:00:00+00:00,7662.73,7666.73,7661.46,7661.97,3158
2026-08-26T01:30:00+00:00,7661.97,7663.23,7659.46,7662.96,2813
2026-08-26T02:00:00+00:00,7662.96,7667.23,7660.71,7667.22,1555
2026-08-26T02:30:00+00:00,7667.22,7675.73,7667.21,7674.35,1583
2026-08-26T03:00:00+00:00,7674.35,7676.71,7673.47,7673.98,1328
2026-08-26T03:30:00+00:00,7673.98,7680.48,7672.98,7678.23,2113
2026-08-26T04:00:00+00:00,7678.23,7680.21,7677.71,7678.47,1237
2026-08-26T04:30:00+00:00,7678.47,7678.96,7670.72,7671.84,1424
2026-08-26T05:00:00+00:00,7671.84,7676.22,7671.71,7674.6,2226
2026-08-26T05:30:00+00:00,7674.6,7676.23,7672.46,7673.72,1854
2026-08-26T06:00:00+00:00,7673.72,7674.73,7669.21,7671.21,2568
2026-08-26T06:30:00+00:00,7671.21,7679.35,7669.85,7676.97,2245
2026-08-26T07:00:00+00:00,7676.97,7677.48,7670.96,7671.46,4565
2026-08-26T07:30:00+00:00,7671.46,7674.97,7669.21,7674.48,3247
2026-08-26T08:00:00+00:00,7674.48,7678.72,7671.48,7677.48,4286
2026-08-26T08:30:00+00:00,7677.48,7679.73,7674.21,7677.21,2425
2026-08-26T09:00:00+00:00,7677.21,7678.23,7671.71,7673.47,2494
2026-08-26T09:30:00+00:00,7673.47,7677.98,7673.46,7677.48,1620
2026-08-26T10:00:00+00:00,7677.48,7677.73,7672.21,7672.21,1697
2026-08-26T10:30:00+00:00,7672.21,7678.48,7670.46,7675.58,1724
2026-08-26T11:00:00+00:00,7675.58,7682.48,7675.46,7678.46,2487
2026-08-26T11:30:00+00:00,7678.46,7680.48,7671.47,7676.22,3202
2026-08-26T12:00:00+00:00,7676.22,7684.59,7673.73,7684.49,3311
2026-08-26T12:30:00+00:00,7684.49,7685.23,7665.21,7667.98,11647
2026-08-26T13:00:00+00:00,7667.98,7670.97,7665.46,7667.21,5018
2026-08-26T13:30:00+00:00,7667.21,7690.02,7667.21,7690.01,25909
2026-08-26T14:00:00+00:00,7690.01,7690.52,7669.02,7671.53,13552
2026-08-26T14:30:00+00:00,7671.53,7680.03,7669.9,7679.27,10542
2026-08-26T15:00:00+00:00,7679.27,7685.53,7676.51,7679.27,8322
2026-08-26T15:30:00+00:00,7679.27,7683.77,7671.76,7674.01,10107
2026-08-26T16:00:00+00:00,7674.01,7674.7699999999995,7667.7699999999995,7668.25,7454
2026-08-26T16:30:00+00:00,7668.25,7670.139999999999,7659.5,7667.75,6250
2026-08-26T17:00:00+00:00,7667.75,7677.7699999999995,7666.25,7677.01,4877
2026-08-26T17:30:00+00:00,7677.01,7679.26,7675,7677.25,3392
2026-08-26T18:00:00+00:00,7677.25,7680.25,7674.01,7676.5,3123
2026-08-26T18:30:00+00:00,7676.5,7686.5199999999995,7675.75,7685.51,3803
2026-08-26T19:00:00+00:00,7685.51,7693.51,7685,7689.5,4499
2026-08-26T19:30:00+00:00,7689.5,7692.01,7675.25,7680.51,7334
2026-08-26T20:00:00+00:00,7680.51,7694.58,7678.45,7685.7,16714
2026-08-26T20:30:00+00:00,7685.7,7698.219999999999,7681.07,7698.219999999999,4740
2026-08-26T22:00:00+00:00,7698.219999999999,7727.32,7698.219999999999,7726.95,5461
2026-08-26T22:30:00+00:00,7726.95,7729.95,7724.45,7724.95,1519
2026-08-26T23:00:00+00:00,7724.95,7725.95,7722.179999999999,7723.05,1119
2026-08-26T23:30:00+00:00,7723.05,7728.0599999999995,7722.3099999999995,7727.57,1974
2026-08-27T00:00:00+00:00,7727.57,7728.05,7718.179999999999,7721.05,4958
2026-08-27T00:30:00+00:00,7721.05,7721.07,7703.45,7705.2,5103
2026-08-27T01:00:00+00:00,7705.2,7712.96,7703.45,7712.46,5200
2026-08-27T01:30:00+00:00,7712.46,7716.22,7709.46,7713.97,3223
2026-08-27T02:00:00+00:00,7713.97,7717.22,7713.570000000001,7716.21,2320
2026-08-27T02:30:00+00:00,7716.21,7719.34,7715.7,7717.71,1690
2026-08-27T03:00:00+00:00,7717.71,7720.22,7715.45,7719.45,1530
2026-08-27T03:30:00+00:00,7719.45,7720.21,7714.95,7715.71,1886
2026-08-27T04:00:00+00:00,7715.71,7717.2,7713.820000000001,7713.83,1708
2026-08-27T04:30:00+00:00,7713.83,7713.83,7708.71,7709.47,2004
2026-08-27T05:00:00+00:00,7709.47,7710.22,7701.95,7703.71,2562
2026-08-27T05:30:00+00:00,7703.71,7704.21,7699.7,7701.72,2908
2026-08-27T06:00:00+00:00,7701.72,7702.72,7696.46,7702.21,3315
2026-08-27T06:30:00+00:00,7702.21,7707.72,7701.95,7707.45,1917
2026-08-27T07:00:00+00:00,7707.45,7710.97,7703.21,7710.95,4154
2026-08-27T07:30:00+00:00,7710.95,7711.47,7705.45,7710.070000000001,3713
2026-08-27T08:00:00+00:00,7710.070000000001,7724.21,7710.070000000001,7723.97,4567
2026-08-27T08:30:00+00:00,7723.97,7723.97,7717.2,7717.71,3953
2026-08-27T09:00:00+00:00,7717.71,7718.46,7708.45,7714.47,5567
2026-08-27T09:30:00+00:00,7714.47,7718.22,7713.46,7713.96,2935
2026-08-27T10:00:00+00:00,7713.96,7713.96,7709.2,7709.72,3422
2026-08-27T10:30:00+00:00,7709.72,7713.96,7707.7,7713.7,2899
2026-08-27T11:00:00+00:00,7713.7,7719.21,7711.45,7711.97,4486
2026-08-27T11:30:00+00:00,7711.97,7714.47,7704.7,7711.71,6796
2026-08-27T12:00:00+00:00,7711.71,7715.96,7710.71,7712.71,4530
2026-08-27T12:30:00+00:00,7712.71,7712.83,7700.46,7701.21,5276
2026-08-27T13:00:00+00:00,7701.21,7706.97,7699.96,7706.22,5117
2026-08-27T13:30:00+00:00,7706.22,7718.02,7692.75,7704.75,41414
2026-08-27T14:00:00+00:00,7704.75,7720.02,7701.51,7718.26,26682
2026-08-27T14:30:00+00:00,7718.26,7725.52,7711.75,7725,15846
2026-08-27T15:00:00+00:00,7725,7734.530000000001,7723.75,7726.52,8954
2026-08-27T15:30:00+00:00,7726.52,7732.280000000001,7717.26,7729.89,11272
2026-08-27T16:00:00+00:00,7729.89,7733.27,7724.75,7730.25,6376
2026-08-27T16:30:00+00:00,7730.25,7741.76,7729.5,7741.52,5459
2026-08-27T17:00:00+00:00,7741.52,7745.01,7738.27,7738.76,4637
2026-08-27T17:30:00+00:00,7738.76,7742,7732.5,7733.27,5319
2026-08-27T18:00:00+00:00,7733.27,7735.02,7713.52,7715.52,10205
2026-08-27T18:30:00+00:00,7715.52,7722.02,7712.75,7717.26,7734
2026-08-27T19:00:00+00:00,7717.26,7723.52,7716.25,7720.27,7176
2026-08-27T19:30:00+00:00,7720.27,7734.27,7719.5,7731.25,9832
2026-08-27T20:00:00+00:00,7731.25,7732.97,7721.72,7722.95,3742
2026-08-27T20:30:00+00:00,7722.95,7723.72,7721.45,7722.67,905
2026-08-27T22:00:00+00:00,7722.67,7724.63,7718.2300000000005,7723.38,1723
2026-08-27T22:30:00+00:00,7723.38,7723.88,7721.62,7722.38,530
2026-08-27T23:00:00+00:00,7722.38,7722.63,7719.610000000001,7719.88,719
2026-08-27T23:30:00+00:00,7719.88,7720.25,7717.360000000001,7718.860000000001,1045
2026-08-28T00:00:00+00:00,7718.860000000001,7725.88,7718.110000000001,7725.88,4550
2026-08-28T00:30:00+00:00,7725.88,7727.38,7723.87,7725.88,2043
2026-08-28T01:00:00+00:00,7725.88,7730.13,7725.610000000001,7728.13,1674
2026-08-28T01:30:00+00:00,7728.13,7732.860000000001,7727.360000000001,7732.860000000001,1741
2026-08-28T02:00:00+00:00,7732.860000000001,7737.38,7732.860000000001,7735.360000000001,1375
2026-08-28T02:30:00+00:00,7735.360000000001,7735.360000000001,7728.62,7730.88,983
2026-08-28T03:00:00+00:00,7730.88,7737.38,7730.860000000001,7736.63,662
2026-08-28T03:30:00+00:00,7736.63,7736.860000000001,7728.13,7731.37,1174
2026-08-28T04:00:00+00:00,7731.37,7731.62,7728.110000000001,7729.860000000001,1240
2026-08-28T04:30:00+00:00,7729.860000000001,7729.87,7726.860000000001,7727.63,789
2026-08-28T05:00:00+00:00,7727.63,7727.88,7724.110000000001,7725.12,1458
2026-08-28T05:30:00+00:00,7725.12,7725.38,7721.610000000001,7721.62,1482
2026-08-28T06:00:00+00:00,7721.62,7727.12,7720.860000000001,7723.360000000001,1898
2026-08-28T06:30:00+00:00,7723.360000000001,7733.49,7723.360000000001,7733.38,1976
2026-08-28T07:00:00+00:00,7733.38,7734.49,7728.860000000001,7731.88,3383
2026-08-28T07:30:00+00:00,7731.88,7733.38,7728.610000000001,7730.37,2060
2026-08-28T08:00:00+00:00,7730.37,7731.13,7726.610000000001,7729.12,3635
2026-08-28T08:30:00+00:00,7729.12,7735.12,7728.12,7730.12,2474
2026-08-28T09:00:00+00:00,7730.12,7730.38,7726.360000000001,7729.37,1895
2026-08-28T09:30:00+00:00,7729.37,7730.63,7727.37,7728.860000000001,1291
2026-08-28T10:00:00+00:00,7728.860000000001,7729.88,7727.13,7729.110000000001,1658
2026-08-28T10:30:00+00:00,7729.110000000001,7730.38,7726.360000000001,7729.62,1813
2026-08-28T11:00:00+00:00,7729.62,7732.88,7727.12,7731.860000000001,2322
2026-08-28T11:30:00+00:00,7731.860000000001,7733.38,7728.62,7729.860000000001,1880
2026-08-28T12:00:00+00:00,7729.860000000001,7740.87,7729.360000000001,7740.37,2693
2026-08-28T12:30:00+00:00,7740.37,7741.13,7733.63,7739.610000000001,2386
2026-08-28T13:00:00+00:00,7739.610000000001,7744.62,7732.860000000001,7736.63,3688
2026-08-28T13:30:00+00:00,7736.63,7747.68,7733.93,7736.3,21712
2026-08-28T14:00:00+00:00,7736.3,7750.18,7716.68,7731.91,49643
2026-08-28T14:30:00+00:00,7731.91,7769.68,7728.16,7769.18,27774
2026-08-28T15:00:00+00:00,7769.18,7772.43,7757.41,7769.18,17456
2026-08-28T15:30:00+00:00,7769.18,7769.42,7727.41,7729.8,26067
2026-08-28T16:00:00+00:00,7729.8,7735.42,7710.66,7715.16,30007
2026-08-28T16:30:00+00:00,7715.16,7725.92,7714.41,7715.92,20664
2026-08-28T17:00:00+00:00,7715.92,7715.93,7701.91,7707.16,18910
2026-08-28T17:30:00+00:00,7707.16,7716.41,7704.91,7714.41,11055
2026-08-28T18:00:00+00:00,7714.41,7716.93,7707.91,7709.67,10383
2026-08-28T18:30:00+00:00,7709.67,7714.92,7702.41,7705.93,8945
2026-08-28T19:00:00+00:00,7705.93,7715.18,7703.92,7714.66,7611
2026-08-28T19:30:00+00:00,7714.66,7718.17,7709.67,7712.04,11638
2026-08-28T20:00:00+00:00,7712.04,7714.13,7709.13,7710.1,2066
2026-08-28T20:30:00+00:00,7710.1,7713.62,7708.87,7713.36,332
2026-08-30T22:00:00+00:00,7713.36,7715.62,7695.85,7702.87,5342
2026-08-30T22:30:00+00:00,7702.87,7703.86,7696.85,7700.73,1967
2026-08-30T23:00:00+00:00,7700.73,7701.12,7693.1,7693.24,2042
2026-08-30T23:30:00+00:00,7693.24,7693.36,7680.11,7680.35,6076
2026-08-31T00:00:00+00:00,7680.35,7691.12,7676.11,7690.6,6402
2026-08-31T00:30:00+00:00,7690.6,7695.37,7687.6,7689.12,3216
2026-08-31T01:00:00+00:00,7689.12,7689.12,7678.22,7681.61,7412
2026-08-31T01:30:00+00:00,7681.61,7683.35,7678.6,7681.85,6268
2026-08-31T02:00:00+00:00,7681.85,7688.36,7678.35,7681.86,5255
2026-08-31T02:30:00+00:00,7681.86,7683.86,7675.85,7683.85,3750
2026-08-31T03:00:00+00:00,7683.85,7687.6,7682.86,7684.86,1745
2026-08-31T03:30:00+00:00,7684.86,7685.37,7682.61,7684.61,1756
2026-08-31T04:00:00+00:00,7684.61,7684.86,7682.85,7684.23,1207
2026-08-31T04:30:00+00:00,7684.23,7693.85,7682.35,7692.37,1777
2026-08-31T05:00:00+00:00,7692.37,7702.23,7690.86,7700.12,2254
2026-08-31T05:30:00+00:00,7700.12,7700.37,7692.1,7696.35,2603
2026-08-31T06:00:00+00:00,7696.35,7701.37,7694.35,7701.36,2735
2026-08-31T06:30:00+00:00,7701.36,7703.6,7699.1,7702.85,1640
2026-08-31T07:00:00+00:00,7702.85,7702.85,7699.6,7700.86,2636
2026-08-31T07:30:00+00:00,7700.86,7702.62,7699.1,7701.37,2118
2026-08-31T08:00:00+00:00,7701.37,7707.12,7699.48,7704.1,4993
2026-08-31T08:30:00+00:00,7704.1,7706.12,7701.97,7704.35,2497
2026-08-31T09:00:00+00:00,7704.35,7707.62,7702.36,7705.1,2069
2026-08-31T09:30:00+00:00,7705.1,7705.37,7698.6,7699.11,1163
2026-08-31T10:00:00+00:00,7699.11,7701.37,7697.11,7700.12,2109
2026-08-31T10:30:00+00:00,7700.12,7702.72,7698.6,7701.37,1566
2026-08-31T11:00:00+00:00,7701.37,7702.86,7698.6,7702.22,2698
2026-08-31T11:30:00+00:00,7702.22,7702.22,7692.35,7694.1,2132
2026-08-31T12:00:00+00:00,7694.1,7700.86,7686.63,7689.62,4679
2026-08-31T12:30:00+00:00,7689.62,7693.35,7683.35,7685.62,4108
2026-08-31T13:00:00+00:00,7685.62,7694.12,7684.35,7693.47,4143
2026-08-31T13:30:00+00:00,7693.47,7695.79,7674.4,7681.67,27188
2026-08-31T14:00:00+00:00,7681.67,7682.67,7666.65,7668.67,16229
2026-08-31T14:30:00+00:00,7668.67,7683.67,7667.4,7679.42,11832
2026-08-31T15:00:00+00:00,7679.42,7684.17,7673.65,7679.42,10015
2026-08-31T15:30:00+00:00,7679.42,7682.92,7672.67,7673.67,8338
2026-08-31T16:00:00+00:00,7673.67,7678.92,7669.16,7678.65,7029
2026-08-31T16:30:00+00:00,7678.65,7679.42,7671.41,7678.16,5708
2026-08-31T17:00:00+00:00,7678.16,7680.17,7673.41,7673.65,4896
2026-08-31T17:30:00+00:00,7673.65,7687.91,7671.16,7684.92,4824
2026-08-31T18:00:00+00:00,7684.92,7687.67,7681.4,7682.65,5275
2026-08-31T18:30:00+00:00,7682.65,7683.67,7670.15,7676.17,6217
2026-08-31T19:00:00+00:00,7676.17,7687.16,7676.17,7685.92,4114
2026-08-31T19:30:00+00:00,7685.92,7699.66,7681.65,7687.4,9094
2026-08-31T20:00:00+00:00,7687.4,7696.35,7687.4,7694.36,3103
2026-08-31T20:30:00+00:00,7694.36,7694.62,7692.11,7693.1,468
2026-08-31T22:00:00+00:00,7693.1,7694.76,7692.12,7693.25,1179
2026-08-31T22:30:00+00:00,7693.25,7694.52,7692.25,7693.01,361
2026-08-31T23:00:00+00:00,7693.01,7695.01,7692.5,7694.51,647
2026-08-31T23:30:00+00:00,7694.51,7697.25,7693.77,7695.51,1076
2026-09-01T00:00:00+00:00,7695.51,7700.02,7692.26,7697.89,4124
2026-09-01T00:30:00+00:00,7697.89,7699.26,7695.26,7696.77,1590
2026-09-01T01:00:00+00:00,7696.77,7697.76,7691.01,7691.25,2204
2026-09-01T01:30:00+00:00,7691.25,7697.02,7689.77,7695.01,1951
2026-09-01T02:00:00+00:00,7695.01,7695.52,7687.25,7688.5,1285
2026-09-01T02:30:00+00:00,7688.5,7692.27,7685.75,7692.27,1493
2026-09-01T03:00:00+00:00,7692.27,7692.27,7687.5,7687.75,1164
2026-09-01T03:30:00+00:00,7687.75,7689.62,7687.26,7688.77,1017
2026-09-01T04:00:00+00:00,7688.77,7690.25,7687.01,7688.01,921
2026-09-01T04:30:00+00:00,7688.01,7689.01,7684,7684.5,1305
2026-09-01T05:00:00+00:00,7684.5,7686.77,7681.75,7686.51,1053
2026-09-01T05:30:00+00:00,7686.51,7698.02,7686,7696.5,2134
2026-09-01T06:00:00+00:00,7696.5,7697.52,7688.5,7688.75,2136
2026-09-01T06:30:00+00:00,7688.75,7692.01,7688.01,7689.26,2239
2026-09-01T07:00:00+00:00,7689.26,7697.27,7688.5,7695.02,5176
2026-09-01T07:30:00+00:00,7695.02,7695.02,7679.13,7682.26,4687
2026-09-01T08:00:00+00:00,7682.26,7684.77,7656.25,7657.63,13161
2026-09-01T08:30:00+00:00,7657.63,7660.77,7650.52,7650.52,8015
2026-09-01T09:00:00+00:00,7650.52,7651.76,7640.75,7643,6393
2026-09-01T09:30:00+00:00,7643,7647.77,7641.25,7645.25,4190
2026-09-01T10:00:00+00:00,7645.25,7653.77,7642.75,7652.52,3380
2026-09-01T10:30:00+00:00,7652.52,7656.26,7646.25,7648.25,3439
2026-09-01T11:00:00+00:00,7648.25,7650.02,7644.27,7649.02,4089
2026-09-01T11:30:00+00:00,7649.02,7655.01,7643,7644.27,3276
2026-09-01T12:00:00+00:00,7644.27,7646.77,7640.52,7644.89,5184
2026-09-01T12:30:00+00:00,7644.89,7644.89,7637.01,7639.27,4695
2026-09-01T13:00:00+00:00,7639.27,7640.51,7633.75,7638.76,4589
2026-09-01T13:30:00+00:00,7638.76,7643.81,7630.81,7639.05,21038
2026-09-01T14:00:00+00:00,7639.05,7659.07,7636.82,7656.81,15073
2026-09-01T14:30:00+00:00,7656.81,7664.81,7652.31,7654.3,9705
2026-09-01T15:00:00+00:00,7654.3,7655.32,7645.55,7654.81,8930
2026-09-01T15:30:00+00:00,7654.81,7665.57,7653.31,7661.8,6816
2026-09-01T16:00:00+00:00,7661.8,7662.56,7641.56,7644.07,10276
2026-09-01T16:30:00+00:00,7644.07,7645.06,7634.8,7641.31,10411
2026-09-01T17:00:00+00:00,7641.31,7641.31,7627.18,7635.55,8490
2026-09-01T17:30:00+00:00,7635.55,7641.06,7633.3,7636.81,6754
2026-09-01T18:00:00+00:00,7636.81,7638.82,7629.31,7630.82,5881
2026-09-01T18:30:00+00:00,7630.82,7631.3,7613.55,7625.81,8909
2026-09-01T19:00:00+00:00,7625.81,7634.81,7625.05,7632.82,7050
2026-09-01T19:30:00+00:00,7632.82,7636.31,7625.05,7636.05,11239
2026-09-01T20:00:00+00:00,7636.05,7640.5,7632.76,7638.76,2944
2026-09-01T20:30:00+00:00,7638.76,7640.76,7637.01,7639.26,1038
2026-09-01T22:00:00+00:00,7639.26,7640.59,7634.34,7635.84,1547
2026-09-01T22:30:00+00:00,7635.84,7639.6,7635.45,7638.09,721
2026-09-01T23:00:00+00:00,7638.09,7638.84,7636.96,7638.58,529
2026-09-01T23:30:00+00:00,7638.58,7639.85,7637.95,7638.97,1123
2026-09-02T00:00:00+00:00,7638.97,7643.84,7634.59,7637.09,5982
2026-09-02T00:30:00+00:00,7637.09,7639.6,7632.83,7632.84,3211
2026-09-02T01:00:00+00:00,7632.84,7635.45,7629.83,7633.58,3681
2026-09-02T01:30:00+00:00,7633.58,7634.71,7625.34,7629.58,3148
2026-09-02T02:00:00+00:00,7629.58,7629.85,7629.58,7629.85,29
